Time,V1,V2,V3,V4,V5,V6,V7,V8,V9,V10,V11,V12,V13,V14,V15,V16,V17,V18,V19,V20,V21,V22,V23,V24,V25,V26,V27,V28,Amount,Class
71841,-0.237719,1.062516,-0.583606,0.687321,0.150824,0.313968,-1.25401,-0.224741,-0.739306,-0.569759,-0.071587,-0.595642,0.083156,-1.057882,-0.023014,-0.260779,-0.703283,0.713639,-0.420644,0.098931,-0.901953,0.552172,0.687419,0.584039,0.500178,0.978949,-0.139578,-0.420125,152.14,0
77168,0.08918,0.862512,1.572637,0.873849,0.574541,-0.156769,0.677524,-0.496788,0.216008,0.351181,0.700652,0.541748,-0.156159,-0.331439,0.406717,-0.189635,5.4e-05,-0.061559,0.508367,0.027928,-0.806134,-0.009861,0.322193,0.020978,0.115546,-0.173276,0.670829,-0.759506,753.74,0
77431,-0.045105,-0.538756,0.550554,0.427399,-0.14147,0.089558,1.648199,-0.523923,-0.997739,-0.724364,-0.386611,1.396935,-0.181305,-0.759713,-1.214349,0.189788,0.832002,-0.768437,-0.223491,0.876585,-0.307185,-0.483311,1.345266,-0.606164,1.028312,0.288996,0.0628,1.142105,324.35,0
57634,-0.937974,0.014844,0.008662,0.550313,0.280982,0.573209,0.410037,-0.055291,0.112771,-0.439953,-0.514768,-0.055568,-0.463124,-0.969341,-0.046773,-0.32202,-0.326081,-0.439507,0.850443,-0.272813,0.842266,0.505698,0.170641,0.527663,0.468827,0.226084,-0.140738,-0.464373,1619.95,0
43686,0.81548,-0.81872,0.447057,0.88363,1.215248,0.539473,0.258877,0.606169,-1.26257,-0.349915,0.961496,0.640806,0.976676,0.766135,-0.768122,-0.253115,-0.261664,-0.45023,-0.647978,-0.846141,1.047862,-0.345601,0.449682,1.501516,-0.336102,0.905148,0.063362,-0.086477,121.88,0
32097,0.3575,-0.66207,-0.447096,0.459301,0.659805,-0.225,0.146636,-0.114165,0.003801,0.373236,-0.818664,0.037441,-0.326985,-0.045422,-1.537918,0.44737,0.696365,-0.980385,0.563518,-0.042019,0.042335,-0.093679,-0.02084,-1.022453,-0.224321,0.305974,-0.589034,0.17273,266.37,0
41184,-0.750752,1.010266,-0.51791,0.904716,-0.280876,0.108384,0.010229,-0.051039,-0.275043,0.207376,-0.604208,0.368042,-0.540521,-0.554987,-0.189796,0.31508,-0.374718,-0.218834,0.921581,-0.876985,0.090245,-0.25334,-1.005781,-0.74129,0.158421,-0.139855,0.159442,-0.028595,33.81,0
47590,-0.613723,-0.371427,0.034598,1.1623,-0.207581,-0.342938,0.230055,-0.064008,0.744901,0.195376,0.533897,-0.788167,-0.448056,0.992634,0.687936,-0.527037,0.171985,-0.983331,-0.963271,-0.016214,-0.530043,0.264198,0.0523,-0.069157,-0.37756,0.873996,-0.336064,0.703979,38.54,0
80210,-1.100788,0.211009,-0.67671,0.722644,-0.237281,0.876059,0.391328,-0.802457,0.551792,-0.232906,0.897413,-0.683269,-0.417955,-0.538334,-0.599018,0.359554,-0.205465,0.196691,-1.452084,0.061666,0.866829,1.196621,0.627964,-1.370284,-0.057394,0.211004,0.81017,-0.294533,1254.02,0
77595,-1.613725,0.272538,0.593458,1.135577,1.118915,0.470757,-0.567918,0.075876,-1.501406,-0.428625,-0.147485,0.05333,0.49854,0.468953,-0.017951,0.354453,0.505259,0.312233,-0.090848,-0.086314,-0.416124,0.450238,0.180391,-0.251684,-0.52703,0.501691,-0.814051,0.112752,11.62,0
39502,-0.68472,0.42173,-0.340374,1.572765,1.564069,0.268984,0.626259,1.472277,-0.001242,0.364825,-0.228963,-0.789195,-0.820881,1.415856,0.444124,-0.190629,-0.314885,0.776319,0.614189,0.130513,0.164103,-0.888403,-0.783104,-0.492109,-1.162888,0.549549,0.997631,-0.390444,424.47,0
78565,0.176782,0.979897,-1.045773,-0.073122,0.43246,0.198352,-1.193844,-0.285017,-0.177756,-0.28705,-0.735171,-0.045209,0.694957,-0.530032,-0.119767,-0.518758,1.099709,0.523075,-0.183531,-0.324916,-0.547803,-0.869084,-0.941182,-0.321953,-0.838992,-0.552785,-0.022675,-2.23436,211.08,0
39398,-0.05681,-0.549682,0.341281,0.77293,0.936537,-0.830907,-0.430305,-0.213346,-0.239934,0.205862,-0.250382,-0.406427,0.552593,0.824648,0.490939,0.703688,-0.617568,0.326493,0.228921,-0.497269,1.366596,-0.190458,-0.176569,-0.151393,-0.957796,-0.703119,0.115126,-0.342041,2139.03,0
43043,-0.309067,0.668988,-0.068253,0.504066,-0.40538,-0.666777,-0.232955,-1.633655,-0.328933,-0.242643,-1.282367,-0.179778,0.523847,-0.40368,-0.506695,-0.413471,-0.558432,0.108728,-0.009312,-0.405038,0.002963,0.14756,-0.104564,0.056944,0.269682,-1.146438,0.368388,0.454556,18.55,0
59494,1.086518,0.582032,-0.942622,0.936194,-0.542121,0.374656,0.490117,0.058124,1.40516,-0.020769,-0.475495,-1.331027,-1.359038,-0.476607,1.047483,0.052719,0.73177,-0.0876,-0.546128,0.083125,0.887658,-0.603955,0.924736,-0.321582,-0.445133,1.121636,0.325824,-0.078064,51.51,0
41009,-0.292564,-0.112391,0.240759,1.559669,0.003621,-0.263429,-0.07514,-0.483337,-0.319041,-0.061689,0.234866,0.045935,0.438462,0.020868,-0.468129,0.144316,-1.042161,0.171185,-1.033389,0.168326,0.30602,-0.422182,-1.377027,-0.029267,-1.172387,-0.152276,0.960531,-0.510022,361.83,0
82403,-0.237459,1.252085,-1.138549,1.033193,0.029784,-0.554553,0.611296,-1.130608,-0.523594,-0.903334,0.362994,0.531184,-0.465131,-0.265936,0.41391,-0.549557,-1.014742,0.118207,0.077161,0.008114,-0.20334,0.360061,-0.636948,0.268732,-0.104218,0.322085,0.327631,-0.67539,3785.73,0
17492,-4.722937,-3.783823,-5.390198,-4.271495,0.699007,-2.440046,-1.960225,-1.481086,0.933844,5.255958,-5.664944,1.777303,-4.228787,5.259937,4.723524,-1.871767,-1.982497,-0.954334,-4.499484,-1.85031,0.370006,0.503612,1.816952,-2.374395,2.872344,1.985687,1.44532,-1.691316,4.78,1
76370,-4.7e-05,0.683514,0.552915,0.588208,-0.316593,-0.105026,0.929056,0.368138,0.272761,-0.425952,0.742684,-0.278124,0.28774,-0.019177,0.150469,0.669152,0.225393,0.578163,0.615178,-0.827742,-0.207389,0.768407,-0.371122,0.589595,1.03321,-0.427687,0.818329,-0.722058,22.9,0
34178,-0.612779,-0.063535,0.525177,1.798116,-0.567382,-0.132082,0.357093,-0.831783,0.080434,-1.232429,-0.520803,-0.351279,-0.264474,0.397661,0.107782,0.768296,0.230058,0.042405,-0.36814,-0.599868,0.177544,-0.163809,-0.660124,-0.313894,-0.677651,0.886769,0.03269,-0.606851,294.19,0
58760,-1.034997,0.933631,0.47038,0.622579,-0.166539,-0.744842,0.827805,-0.49987,-0.159657,-0.587121,-0.444479,-0.218794,0.653787,0.232677,0.186176,0.002565,0.389851,-1.057678,1.264266,0.152764,0.742544,0.020159,-0.588106,0.181707,-0.748974,-0.220563,0.851976,-0.620524,27.88,0
63516,-0.960226,0.020074,0.517627,0.998303,-0.254486,0.626385,0.061447,0.096655,-0.329664,-0.201238,0.999778,0.002602,0.688783,0.465253,0.416192,-0.116643,-0.891265,-0.524607,-0.843336,0.28663,-0.006548,0.290517,0.250057,0.405651,0.045112,0.686933,-0.795757,1.139086,448.56,0
58940,0.146557,1.341349,0.402923,0.179943,-0.175915,-0.174256,-0.149602,-0.734272,-1.244171,-0.789192,-0.034049,1.371982,0.227013,0.701896,0.176759,0.820418,-1.25481,0.291417,-1.070898,-0.223737,-0.668876,-0.411514,-0.200019,0.451805,0.649023,0.627193,-1.030643,0.430664,42.77,0
63843,-0.871293,0.435815,-0.289655,1.030912,-0.17895,0.375529,0.581408,1.768902,0.326072,-0.004599,0.69613,0.497481,0.59223,-0.198964,0.306861,-0.609675,-0.17038,-0.741241,-0.149429,0.826586,0.771079,-0.858589,0.844667,0.686533,0.160559,-0.133351,0.306452,0.307732,48.14,0
33170,-1.98275,0.954675,-0.168943,1.122786,0.114881,-0.311229,0.073828,-0.138383,0.968749,-0.3814,0.255981,0.021876,0.983398,0.170205,-0.346957,-0.45655,0.536065,0.207612,-0.291315,-0.446677,-1.505602,-0.780694,-0.622588,0.093425,-0.258923,-0.440737,-0.310261,0.124867,284.41,0
81590,-0.929791,0.205068,0.312669,1.198247,0.336279,-0.181049,0.218446,-0.068069,1.284688,-0.39873,-0.569152,0.00466,0.040827,0.302169,0.612226,-0.386978,0.263126,0.160593,-0.955047,0.554099,0.867497,-0.047668,-0.814399,1.049095,0.198654,0.609213,0.390177,-0.111621,423.77,0
44514,-0.560095,0.891399,0.522563,-0.426414,-0.345192,0.4746,0.147884,0.591513,0.189537,0.451616,0.184925,-0.088376,-0.269097,-0.578957,-0.285343,0.25273,0.238024,-0.8875,0.048152,-0.41598,-0.009738,-0.776862,0.847843,-0.856084,0.656343,-0.248085,1.222447,0.578076,119.79,0
57514,-0.774691,0.70769,-0.03645,0.90442,-0.790965,0.233237,-0.859285,-0.591123,-0.982708,-0.936969,0.456295,0.276193,0.874258,0.070846,-0.231969,0.401951,-0.045169,-0.60616,-0.805789,0.289569,0.009992,0.045082,-0.580199,-0.173898,-0.508166,-0.363057,0.022985,0.359497,2.05,0
69340,-0.209113,0.34218,0.012932,1.39805,0.593811,-0.113998,-0.280337,-0.81041,-0.722948,-0.093719,-0.377035,0.531643,-0.577187,-0.396631,0.362085,1.405374,-0.911425,-0.345672,0.420367,0.074069,-0.338301,0.03851,1.103491,-1.322626,-0.332847,-0.181617,-0.259993,-0.412061,785.91,0
69373,-0.716991,0.095053,-0.583196,1.217193,-0.63558,0.032611,0.063061,-0.205297,-0.96182,-1.241569,1.797717,0.430673,0.733252,0.343664,-0.573229,-0.288645,-0.385318,1.203645,0.437206,0.942454,0.385077,-0.29665,-0.520728,-0.15133,0.256352,-0.355243,-0.457561,0.354035,158.3,0
81428,-0.565175,0.151668,0.364957,1.098603,-0.860991,0.989193,0.178588,0.144523,-1.865211,-0.344204,-0.057275,-0.199811,-0.071973,-0.780717,0.521499,-0.61338,0.133075,0.378996,0.224803,0.25347,-0.226179,1.478834,0.894794,0.486297,-0.041042,0.560051,0.268347,-0.215289,101.39,0
68314,-0.668431,-0.024202,-0.352419,0.426121,0.680151,-0.63225,0.413089,0.950595,-0.362718,-0.201445,-0.62296,0.867392,-0.537914,-0.535987,0.508184,-1.091296,0.133671,-0.840892,0.322606,1.171814,-0.15281,0.492916,-1.544486,0.089659,0.280979,-0.431219,0.062182,0.209419,284.73,0
74893,0.270464,0.001534,-1.035363,0.452873,0.14465,-0.352487,-0.433664,0.03112,-0.19063,-0.473652,0.964545,0.432948,0.453674,-0.887017,-0.046251,0.245827,-0.101192,-0.304682,-0.06984,-1.245063,-0.275538,0.551486,-0.016526,-0.793257,0.349747,0.078727,0.098022,-0.077853,5315.88,0
64384,-1.283232,0.218884,0.54649,0.332469,0.155539,-0.202206,-0.476324,0.910627,-0.414741,-0.311193,0.376646,1.158342,-0.769484,0.437878,-0.767114,0.137848,0.592036,0.266123,1.343305,-0.029927,0.825877,-0.461498,-0.221532,1.865503,0.258013,0.030809,-0.951404,1.0644,14.44,0
38259,0.186783,0.521434,-0.313861,1.138879,-0.02099,-0.769578,0.594597,-0.23368,1.207759,0.248765,-0.526021,-0.460591,-0.159735,-0.15697,-0.85981,-1.095574,0.729174,-1.267082,0.091948,0.277729,0.250079,0.023502,0.313244,-0.024259,-0.110482,-1.095067,2.396057,-0.304442,464.34,0
35908,-1.121059,-0.442087,0.541577,0.531931,-0.320456,1.926087,-0.689418,0.484539,0.872732,-0.269743,-0.356968,0.030767,-1.185045,-0.263634,0.417504,-0.469382,-0.096023,-0.354827,-0.30262,0.382135,0.249005,0.977761,0.526846,0.230546,0.790845,-1.041388,-0.039608,-0.549441,2575.68,0
73850,-0.67205,0.400963,0.354309,1.64811,0.214849,-0.429639,0.250081,-0.52815,0.287941,0.065151,0.448445,-0.173613,0.53061,-0.091978,0.642859,0.536816,0.630514,0.206861,0.782705,-0.338641,-0.084071,-0.582758,0.257496,-0.491132,0.878211,-0.490942,-0.179888,0.350728,38.35,0
62033,0.277452,0.132449,0.76212,0.4423,0.211676,0.227916,-0.384704,-0.028538,-0.999883,-0.635048,0.810832,-0.575493,0.927984,-0.748992,0.741652,0.754753,-0.178687,0.604008,0.627904,0.086221,-0.024056,0.585646,0.37361,-0.375831,-0.468466,-0.481376,0.558568,0.285178,34.05,0
52203,-0.010607,0.387265,1.144688,0.75332,-0.004705,0.343617,0.212318,-0.762935,-0.198006,-0.321746,0.428702,-0.170426,-0.553046,0.264506,0.390496,0.414408,0.365085,-0.475319,-0.3178,0.62173,-0.255037,-0.49515,0.28626,-0.058558,-1.047373,-0.532226,-0.510538,0.725042,10500.27,0
79341,0.664671,-0.10821,0.03454,1.856084,-1.223031,-0.221353,-0.379665,0.465647,0.110638,-0.1132,-0.06895,-0.742134,0.583523,-1.045903,0.421183,0.495712,-0.902658,0.439898,0.423122,-0.65287,0.283136,0.830129,0.761974,0.586976,0.133912,0.035845,-0.882541,-0.463549,172.95,0
67719,-0.746248,0.035285,0.832596,-0.024094,-0.385306,-0.47929,-0.417399,0.416476,0.31705,-0.434491,0.353777,0.664338,-0.405282,0.192044,0.10926,-0.589032,1.020371,-0.19471,0.732844,0.106544,0.426853,-0.817886,-0.594065,-0.51221,0.699945,-0.015318,0.001851,-0.767019,46.36,0
13281,3.700757,-3.468422,-3.683955,-5.444692,4.700741,-1.433687,-1.603978,1.540183,4.14177,3.218147,4.082189,1.772404,-1.682617,-3.198704,2.809901,0.671249,-2.214339,-2.440264,-2.082889,-1.861428,3.699597,1.878356,-1.589839,2.399414,-2.985445,0.201525,-1.627768,-1.449668,10154.9,1
68681,-0.808157,-0.061955,0.146683,0.456351,-1.188366,0.26283,0.09851,0.302278,-0.246836,0.12521,-0.070678,0.124941,0.090084,-0.819934,-0.380521,0.26317,0.079058,-0.115317,-0.600717,0.005371,-0.04866,0.134395,0.131057,0.410917,-0.01587,0.100053,0.1836,0.018274,401.89,0
70748,-0.030574,0.494448,-0.814016,0.660062,0.629762,-0.715857,0.123488,0.482968,0.577098,-0.308032,0.532137,-0.112224,0.817057,-0.037212,0.685115,-0.109858,-0.004899,1.205678,0.103186,0.615994,0.863023,-0.826419,-0.720036,0.098801,1.139582,-0.007487,0.166956,-0.6971,31.13,0
78049,0.224746,-0.430524,-0.57557,0.938693,-0.301485,-0.075983,0.503009,-0.226549,0.428767,-0.521816,-0.607026,1.153495,0.400759,-0.208904,0.056346,-0.013662,0.422506,-0.137254,-0.065268,0.35419,0.235929,0.369224,0.086879,-0.191595,0.385775,-0.142026,0.257132,-0.518131,488.9,0
71273,-0.318105,0.552618,-0.066612,0.726943,-0.950697,-0.10957,0.27664,0.130998,0.953121,-0.302087,-0.977292,-0.746962,-0.473314,-0.596059,-0.219085,-0.665868,0.329293,0.242394,0.140498,0.784355,-0.160634,-0.082141,0.05174,0.602418,-0.014272,0.019888,0.399824,0.304444,193.82,0
41297,0.293765,0.503145,-0.610476,0.429606,0.204821,0.298677,-1.647866,0.400566,0.551122,-0.127382,0.883351,0.269727,0.375146,-0.40557,0.498555,-0.831905,-0.507444,0.643577,0.393652,0.415439,-0.060369,-0.312796,0.27071,0.089431,-2.051346,-0.492937,-0.711883,0.721853,489.28,0
77861,-1.156694,1.053241,-0.953069,0.899105,-0.203794,0.409571,-0.705343,-0.580594,0.153846,-0.685316,-0.430293,0.416841,0.773885,0.189709,0.933414,-0.137185,0.368754,0.126033,-0.292963,0.363111,-0.389298,0.04,0.234428,-0.19397,-0.482246,-0.232582,-0.337872,-0.714426,102.29,0
46852,1.105994,0.266308,-0.153204,0.923197,0.068378,-0.362396,0.989131,0.560073,0.289402,-0.983807,-0.751596,0.345197,0.603734,0.977029,0.202726,-0.729274,-0.042034,0.536558,0.080004,-0.110241,-0.042023,0.348293,0.513274,-0.423712,0.047556,-0.541069,0.077698,0.993504,582.19,0
41260,-1.158985,0.457193,0.267484,1.1036,0.267316,0.083635,-0.131158,-0.562891,-0.806396,0.17874,0.058159,0.650603,0.512647,0.178061,1.296367,-0.231289,0.43709,-1.177551,-0.068829,1.069662,0.039913,-0.214986,-0.446437,0.555448,0.521715,0.393859,1.015753,0.067616,84.19,0
58339,-1.204325,0.012178,-0.46632,1.127493,-0.014293,-1.13417,0.416804,1.212282,-0.530701,-0.397665,0.084269,0.338819,0.428554,-0.019099,-1.56296,0.26901,0.748292,-0.256102,0.831222,-1.000781,-0.388207,-0.228403,-0.794465,0.339988,-1.024772,-0.692296,-0.984972,0.991565,389.93,0
70107,0.138218,0.080606,-0.565527,1.256108,-0.118017,-0.021561,-0.956315,-0.367848,-0.796815,-0.382124,-1.105842,-0.170831,-0.405101,0.142645,-0.589091,-0.164033,-0.379641,0.11288,-0.820634,0.020401,-0.583408,-0.009785,0.170684,0.629643,-0.214552,0.197569,0.385134,-0.297593,12177.76,0
71467,-0.628847,0.160397,-0.08645,0.724029,0.548118,0.480942,0.284964,-0.556399,-1.293099,0.18457,1.265315,-1.164831,-0.041728,0.691505,0.161438,-0.683155,-0.40575,-0.636138,-0.050756,0.079897,0.474207,-0.426836,0.104681,0.743862,-0.933554,-1.227561,0.183847,-0.731826,2181.14,0
44377,-0.255048,0.441767,0.950354,0.484969,0.357767,0.443518,0.165714,0.928017,-0.582313,0.084975,0.666647,-0.217659,0.261204,0.182109,0.605773,0.728411,0.115808,-0.786533,0.329719,0.792111,-0.030061,-0.18746,0.668502,0.337807,0.539481,-1.262723,-0.342275,0.392766,1852.26,0
31157,-1.171511,-0.192882,-0.143086,0.039505,-0.48929,-0.704603,-0.813104,-0.718237,0.61418,0.032987,0.502632,1.900478,0.052561,0.435876,-0.485752,0.087128,-0.066933,-0.692188,0.604767,1.068845,0.410772,0.40096,1.03879,0.789052,0.097418,-0.819356,0.094185,-0.899602,12.08,0
61933,-1.069761,-0.275198,0.835394,-0.159333,0.269473,-0.469487,-0.12561,0.171471,-0.015907,0.169484,0.326128,-0.313628,0.720398,0.096214,0.252839,-1.078417,-0.336232,-0.119801,-0.841185,-0.02762,0.005394,0.645484,0.366718,-1.435547,-0.198861,0.026989,-0.967524,-0.644088,32.66,0
56834,-1.901155,-0.782489,-0.792979,1.122713,-0.387183,-0.501681,0.178535,0.334382,-0.436694,-0.146097,1.206616,-0.899917,0.342104,0.249545,-0.324999,0.682713,-0.118351,-0.317883,-0.143002,-0.915516,0.670879,-0.25003,-1.051145,0.370841,-0.516325,-0.25084,-0.183364,0.395737,25.27,0
66443,0.068896,0.152989,-1.335046,0.669956,0.667993,-0.004913,0.259235,-0.449608,0.445575,-0.421159,0.166648,0.607079,-1.836936,1.392919,0.657101,-1.005101,-0.34417,-0.207315,0.113617,1.373875,-0.417364,0.317464,0.099884,-0.190986,-0.161991,-1.423442,-0.037679,1.350741,306.15,0
58021,0.561802,0.463143,1.02118,0.507235,0.145522,-0.640476,0.293239,0.767496,0.467628,-0.190624,-0.92869,0.128296,-0.33475,-0.821457,-0.303707,0.084218,-0.753258,0.927566,-0.208378,-0.715544,-0.306918,-0.418187,0.258407,0.320317,-0.354018,-0.008198,-0.20917,-0.354918,976.92,0
73394,-1.66396,0.710522,-0.790027,1.243957,0.266245,-0.043836,-0.227545,-0.172486,0.761721,-0.132378,-0.080623,0.229892,-1.112732,0.065385,-0.173332,-0.470227,-0.963919,1.1452,-0.621971,-0.7032,1.382057,-1.341942,1.097776,-0.14145,0.707085,-0.191147,-0.358211,-0.58221,2998.97,0
42839,-0.612496,0.40107,-0.256529,0.01288,-0.207265,-0.653816,-0.570424,-0.871915,-1.074344,0.148657,0.881627,0.144584,-1.184914,1.433585,-0.512396,-0.49077,0.651921,-0.610245,0.126303,-0.117615,-0.346311,-0.853973,0.966965,-1.205713,-0.31404,0.773672,-0.545911,1.034355,14.47,0
83775,-0.660145,0.721119,-0.00332,0.589105,-0.753943,0.932339,0.510447,0.019284,0.130603,-0.685189,-0.114833,0.445307,-1.057748,1.006818,0.049945,0.228754,-0.519663,-1.067371,0.944726,-0.636898,-0.072272,0.507991,-0.466624,-0.063287,-0.069516,-1.09018,0.178955,-0.791795,23.73,0
29111,-1.716743,-0.827061,-0.480341,-0.046146,-0.706915,0.254347,-0.393697,-0.552172,0.93134,-0.362222,-0.329988,-0.385108,-0.854076,-1.01115,0.068131,0.101998,0.430449,0.732157,-0.026244,0.246678,-1.462287,-0.404689,-0.677204,0.891246,-0.532092,-0.179004,-0.270198,-0.474709,37.01,0
55345,-1.484989,-0.51358,-0.318095,1.939737,0.535309,0.010154,0.570328,-0.182791,-1.041938,-0.224141,0.211876,0.43418,0.055011,-0.296074,0.3688,0.539003,0.841441,-0.550158,-0.271182,0.614135,-0.050008,-0.424647,-0.168162,-0.009968,0.981975,0.98112,0.203289,0.039763,2205.6,0
37381,0.601955,0.209087,0.547453,1.181787,0.087918,0.276268,-0.278153,0.011096,0.805077,-0.467375,0.299628,0.343659,-0.034218,0.143434,0.028616,0.563236,-0.272364,-0.05081,-0.047699,0.473973,0.307282,0.810612,0.348045,1.200482,1.409097,0.012895,0.068041,-0.230331,15.23,0
40729,0.931557,-0.256768,0.552536,0.803667,0.451221,1.02372,1.384552,-0.798444,-0.290914,0.547046,0.741271,-0.513544,-0.715803,-0.397505,0.260909,-0.109786,0.069389,-1.369747,-0.478978,0.983539,0.375106,0.739302,0.292389,0.091773,-1.14819,0.116872,0.749679,0.06978,81.76,0
66735,1.099288,0.21541,1.116192,0.688861,0.2717,-0.477919,-0.597165,-0.272783,-0.855072,-0.226365,0.214046,-0.39133,0.444059,-1.029882,0.527704,-0.294269,0.670572,-1.535036,-0.674405,-0.012199,0.021513,-0.620352,-0.193961,0.295494,0.46509,-1.045647,-0.252992,0.234893,375.71,0
57110,0.199333,-0.747754,0.492446,0.617605,0.39766,-0.017218,-0.363431,0.277109,-0.06011,-0.108644,0.789862,0.334697,-0.313283,-0.724559,0.977691,1.523142,-0.085545,-0.019512,0.511003,-0.00573,-0.170946,0.491126,0.052465,-1.467896,-0.215367,0.797866,0.012459,-0.742973,30.09,0
57165,-1.038252,0.598243,0.758975,1.603709,-0.430782,-1.219947,0.057174,-0.688065,0.220503,0.176584,0.562935,-0.660722,-0.419658,-0.019751,0.53492,-1.053076,-0.627804,-0.880577,-0.300478,0.301434,-0.006807,-0.36235,0.658522,0.005164,1.021583,0.510114,0.754879,0.16614,30.1,0
52743,-0.666246,0.677177,-0.94722,0.769302,-0.27342,0.245435,0.754201,-0.058228,-0.46879,-0.235594,-0.229541,-0.274041,-0.491516,-0.58192,0.63193,-1.262405,-0.423168,-0.886989,0.162645,-0.580745,-0.920097,0.330467,-0.725213,-0.849677,-0.018628,-0.581484,-0.299495,0.041058,1757.85,0
72724,-1.305378,0.014657,-0.394539,1.395606,0.727179,0.105839,-0.276961,-0.437134,-0.201903,0.485208,0.070235,-0.601018,-0.03606,0.008243,0.570673,-0.731716,-0.473597,-0.076918,1.15977,0.383647,-0.680661,0.104097,0.776701,-0.372945,1.339568,0.333055,-0.453034,0.401678,2648.33,0
60694,-0.130415,0.496043,-0.648807,0.60769,0.134759,0.119517,0.115489,0.210396,-1.575876,-0.434037,0.282957,0.827443,-0.630283,0.654244,0.395857,-0.463689,0.505975,-1.225293,0.995651,-0.422148,0.045982,-0.209216,-0.599581,-0.963581,0.621237,0.400395,-0.536066,0.932273,48.53,0
36648,0.474627,-0.676102,-0.759981,-0.024188,-0.334413,-0.517202,-0.218614,-0.585986,-0.955917,0.113968,0.287595,0.318215,-0.216573,-0.431478,0.965371,-0.840406,-0.725427,0.624027,-0.652991,-0.20037,0.250721,0.016038,-0.38878,-0.09844,0.412853,0.870929,-0.356489,-0.278284,30.15,0
28804,-0.731815,1.402139,0.861116,1.442308,-0.226154,-0.332349,0.261225,-0.879172,-0.241874,-0.644965,1.175713,0.3748,-0.06411,0.777719,1.240792,-0.761626,0.363651,0.032044,-0.715716,-1.045642,1.176903,0.405506,-0.191569,0.004382,0.133058,-0.315279,-0.369024,1.224458,184.32,0
33621,-0.255035,-0.731601,0.897538,0.775896,0.020388,0.755269,0.131813,0.25364,-0.061273,-0.357184,-0.186924,0.49935,0.04063,-0.516688,0.504538,0.203441,0.302116,0.691623,-1.246706,1.06378,0.350295,0.595729,-1.352906,0.244079,-1.445362,0.164465,-0.044107,-0.274763,63.27,0
38302,-0.157774,-0.087724,-1.243857,0.243347,-0.653671,-0.032931,-0.412292,-0.656845,-0.888355,-0.190183,-0.062622,-0.398299,0.67492,-0.21148,-0.012452,0.221521,-0.096156,0.283564,0.423923,0.27055,-0.446612,0.848454,-0.491484,-0.693163,0.540689,0.087537,-0.02923,-0.686588,157.99,0
29714,-1.135445,-0.382286,0.36999,0.766447,-1.175703,0.286994,0.166789,-0.0188,-0.376746,0.269043,0.070924,-0.156038,-0.379048,0.805581,0.450851,1.055373,0.451172,-0.704782,-0.590872,0.28789,0.253745,0.466758,0.560238,-0.288213,0.90015,0.935636,-0.254202,0.494411,13097.27,0
45755,0.308382,0.537663,1.030999,-0.341403,0.31859,-0.251826,-0.913525,-0.814915,-0.657808,-0.736772,-0.442589,0.109211,-0.971696,0.371698,-0.7353,-0.60711,0.479724,0.110984,-0.063941,0.752827,-0.733413,0.999545,0.241976,0.295064,-1.473146,0.25196,-1.546721,-0.871739,31.06,0
82151,0.442339,-0.143546,-0.084936,0.989481,0.579472,-0.037403,-0.04053,1.258104,-0.042253,-0.055215,-0.357698,0.052395,-0.234823,0.527106,1.181502,-0.208755,0.518909,1.020952,0.231115,-0.056375,-0.648598,-0.00735,0.589894,0.094022,0.503354,-1.064608,-0.374328,0.538579,2.94,0
36021,-0.257734,0.632693,0.761739,0.890982,-0.086173,-0.461232,-0.095262,0.46783,-0.529624,-0.686904,-1.366038,-0.208607,0.666357,0.547643,-0.649447,-0.330044,-0.036577,0.693913,0.081189,1.18557,0.361345,-0.485932,0.500267,-0.066625,0.302342,-0.224127,-1.351463,0.93323,95.55,0
38885,-0.279999,0.069536,0.080784,0.972886,-0.015637,0.450586,-0.080151,0.644139,-1.134789,-0.254918,-0.402495,-0.643648,-0.142323,-0.626397,-0.299763,-0.394241,-0.241556,0.001671,-1.28393,-0.49279,-0.207702,-0.271319,0.2283,1.217392,0.289916,-0.686453,1.298733,-1.167971,459.39,0
40828,-0.664179,0.238449,0.172546,0.39751,-0.099027,0.761061,-0.231262,-0.214595,1.212846,-0.091918,-0.163011,-1.075011,0.275042,-0.092853,-1.001926,-0.221375,-0.673858,0.384308,0.432642,-0.296173,-0.241494,-0.616614,-0.331922,0.101726,-0.135223,0.124213,0.110129,-0.667358,298.85,0
45518,0.112119,0.794593,-0.121469,0.432151,-0.562674,0.305027,0.479892,-0.581445,-0.055598,-0.413057,0.033203,-0.149017,0.564072,-0.389226,-0.054209,-0.157544,0.763895,-0.542209,-0.03214,0.078452,1.115122,0.085356,0.505222,-0.258822,-0.11304,-0.721095,-0.309626,0.728324,186.64,0
71130,-0.932456,1.152332,0.955477,0.087004,0.554425,-0.84284,-0.37625,-0.669821,0.598331,-0.45067,0.172568,0.652233,-0.151994,0.722131,-1.351709,-0.750638,0.528569,-0.399475,0.882144,-0.336493,0.283802,0.221785,0.148336,1.184719,0.146951,0.73752,-0.253145,-0.301186,10.25,0
35615,-0.27393,-0.015963,-0.400025,0.630916,0.323733,0.356487,0.128336,-0.859828,-0.448637,0.108277,-0.558519,0.109844,-0.001617,-0.115107,0.391757,-0.31343,-0.005013,0.859435,0.756301,0.628816,0.350326,0.673625,-0.260933,0.118638,0.191471,0.454806,-0.68953,-0.523614,366.03,0
36762,0.050235,-0.119336,0.547466,0.884632,-0.752999,-0.495758,-0.263875,0.874007,1.375952,-0.324726,0.992044,-0.789901,-0.975608,0.554017,0.238523,0.013918,-0.593029,-0.143384,-0.980957,-0.05647,-0.660088,-0.507204,0.123731,-0.441511,-1.301113,0.418823,0.431314,0.049515,69.42,0
67896,1.00085,0.252241,0.501704,1.308584,-0.953211,0.77857,-0.234005,0.914948,0.274908,-0.194553,-0.27989,0.374669,-0.289195,-0.294069,-0.823099,1.2586,-1.418497,-0.122233,-1.120287,-0.869839,0.725939,0.376683,0.25053,0.018966,-0.834136,-0.036299,-0.716814,-0.558124,18.23,0
58592,0.5694,0.379821,-0.531908,1.04784,0.233187,-0.291694,-0.926724,0.001509,-0.014729,-0.282937,-0.715012,0.823715,1.262662,-0.220665,0.329922,0.252682,-0.323919,0.200008,0.804375,0.23308,-0.668964,-0.843997,-0.047053,-0.168846,0.099495,-1.131749,2.433536,0.031496,285.93,0
50189,0.419478,-0.427816,0.331299,1.189649,1.164849,-0.090904,0.103187,-0.482964,0.21452,0.314268,-0.426808,0.626657,-1.466184,-0.64737,-0.709201,-0.229735,0.513448,-0.096596,-0.053732,-0.046927,0.011216,-0.250067,0.854035,-0.1729,-0.066642,-0.32388,0.092871,0.481363,297.18,0
49331,-0.106545,0.441432,-1.257344,1.564641,-1.231677,0.432369,-0.053573,0.313955,0.444066,0.124834,0.508857,-0.123939,0.292612,0.676977,0.207529,0.155204,0.207767,-1.119772,-1.171209,0.603291,-0.816858,-0.427971,-0.170877,-0.705193,0.536578,0.642128,-1.126415,-0.558207,1052.97,0
53791,-1.348604,-0.407992,0.022009,1.286875,1.09783,-0.676539,-0.031799,-0.353746,-0.990586,0.16073,0.231477,0.778421,0.838681,-0.050891,-0.272357,0.002224,0.78694,-0.43636,-0.474381,-0.046073,0.796536,0.658465,0.003859,0.165743,0.33506,0.634549,-1.096117,0.849467,456.39,0
55888,0.054237,0.436654,0.036318,0.212897,0.354786,0.252436,-0.107182,1.100742,0.101907,-0.079411,0.971436,0.128212,-0.745155,-0.355191,-0.399188,1.013521,-0.705049,0.299481,-0.176965,-0.526664,-0.300498,-0.850908,-0.161328,-0.532232,0.499161,0.321307,0.660453,0.099047,269.45,0
55745,-1.054821,0.761423,0.33773,0.320476,0.362038,-0.74659,-1.130395,0.204831,-0.911986,0.336723,0.598396,-0.993955,0.007886,-0.308803,0.597319,-0.121929,-0.607141,-0.681279,0.074541,1.082835,0.537013,0.116238,0.499254,-0.689452,0.065701,-0.442459,-0.572983,-0.102207,415.93,0
40893,-0.785664,-0.210136,1.543706,1.022457,0.420799,0.487291,0.217906,1.518809,-0.652412,0.724165,-0.392032,0.153009,0.638964,0.912694,0.40785,0.098125,0.150454,-0.292272,-0.839622,0.310433,-0.628657,-0.524856,0.795154,-0.683098,-0.174284,1.067489,-0.208482,-0.055379,17.22,0
49526,-0.56884,0.108144,-0.237129,1.420649,0.912397,-0.2236,-0.466086,0.908012,0.013845,-0.242955,-0.496845,0.130068,-0.388754,-0.949222,-0.326683,-0.512572,0.216088,-0.462349,1.685134,0.006841,-0.249059,-0.940741,-0.202515,-0.03193,-0.414726,-0.26032,-0.976348,-0.426586,57.04,0
65239,0.074043,-0.037287,-0.646423,0.872293,0.925826,-0.473603,0.73874,1.131818,-0.4589,-0.187669,-0.307792,-0.81823,0.935884,-1.502699,0.205302,-0.261619,-0.543994,0.281646,0.212884,-0.77028,0.133739,0.18553,-0.463388,-0.409784,-0.498671,-0.932617,0.900088,0.056686,453.54,0
67651,-0.857956,0.6149,0.802581,0.623829,-0.014784,0.032281,1.046667,0.211832,0.781796,-0.148145,-0.892745,-0.299791,0.443617,0.332909,-0.523725,-0.4638,-1.054943,0.590152,0.186345,0.404697,-0.50204,0.01735,0.742111,-0.054219,-0.436795,-0.326484,-0.234772,0.939375,3612.82,0
64308,0.252617,0.455445,0.044551,0.956926,-0.602224,-0.576932,-0.171549,-0.344512,-0.327512,0.24497,0.231533,0.675276,-0.882075,-0.492475,0.178372,-0.744923,0.09823,-0.466539,0.148327,-0.605837,-0.260121,-0.530819,-0.04106,0.583579,-0.075145,-0.69672,0.204487,-0.687194,40.7,0
76183,-0.515556,0.271923,-0.274181,0.910067,-0.781171,0.490952,0.155893,0.847677,0.035414,0.499282,-0.437309,-0.950312,0.504502,-0.17655,-0.588089,-0.270867,0.463533,0.635836,-0.445425,-0.0285,0.498962,0.537102,-0.555901,-0.291182,0.119059,0.572026,-1.056871,0.519251,3786.04,0
35307,1.889851,0.439758,-0.749669,1.314318,1.860571,-0.045357,-0.738549,0.177806,-0.094349,-0.46585,0.232073,0.383368,-0.998324,1.491819,0.017374,0.156264,0.890741,-0.180971,1.398475,-0.475929,1.081892,-0.008758,-0.049778,0.719682,0.333298,-0.745222,0.404199,0.381864,255.49,0
28904,-1.911847,-0.030191,0.582218,0.377077,-0.895095,0.442212,0.146347,0.264684,0.151237,-0.441387,0.038619,-0.307202,-1.15957,0.028881,-0.076886,0.479043,0.14493,0.313186,1.052406,-0.782611,-0.860421,0.006814,0.764352,0.320189,-1.108813,-0.628738,-0.851695,-0.690364,342.06,0
54494,-0.945463,0.546277,0.504997,0.628859,-0.690968,-0.412245,-0.228278,0.520755,-0.249383,-0.661123,-0.488457,1.08744,0.333352,0.027466,-0.130164,-0.59904,0.385671,0.298361,-0.346236,0.004071,-0.21856,-0.512004,0.987897,-0.04912,0.941048,-0.2519,0.586731,0.754737,40.82,0
54134,-0.028668,-0.206743,-0.97677,0.562933,-0.897233,0.053588,0.258877,0.668719,0.182727,-0.54673,-0.213182,1.020987,-0.269155,0.553324,-0.090573,-0.374063,-0.009445,0.659817,-0.27792,-0.519716,0.176764,-0.311677,-0.114456,1.199814,0.337558,0.474694,0.254559,0.299007,34.17,0
78312,-1.555089,0.24584,0.20745,0.695023,-0.283828,-0.913039,0.706535,1.031159,0.723827,-0.515115,-0.601086,-0.844848,-0.082708,0.047159,0.443527,0.31478,-0.067266,0.062306,0.235595,-0.212569,-0.296035,0.301408,-0.878172,-0.332897,-0.368985,0.051534,-0.091878,-0.496915,25.24,0
43806,-0.343936,0.351216,-0.139607,1.210497,-0.19446,0.580152,-0.842685,0.161768,0.187445,0.095047,0.453854,-0.447573,0.745704,0.164688,0.282021,0.331188,-0.426653,0.15002,0.126789,0.318869,-0.501049,0.329472,0.850145,0.149768,-0.47818,-0.009536,0.857484,-0.155725,28.05,0
40093,0.367918,0.471224,-0.188197,0.732146,-0.145297,-0.286275,0.48019,-1.221356,-0.06804,-0.842944,-0.883849,0.321975,0.06083,-0.715424,0.110412,0.433803,-0.525998,-0.138416,0.246264,-0.494646,-0.325063,-0.568483,0.436454,0.201662,0.480194,-0.572631,0.116972,0.309661,4.01,0
42283,-1.106873,1.081573,-1.484746,1.035403,1.740923,-0.351677,-0.950582,0.745894,-0.589918,-0.101081,0.346618,0.536314,0.167286,-0.65687,-0.147541,0.024559,0.349748,0.217113,0.603481,-0.231977,0.273045,0.41909,0.538148,0.389669,0.395333,0.568329,-0.011807,0.822835,432.86,0
44854,-0.328367,-0.870015,0.366355,1.814666,-0.212308,0.256066,-0.609039,-0.810987,0.821409,-0.070874,0.012396,-0.033784,0.260708,-0.140851,-0.710519,0.424099,0.855135,1.485548,-0.112272,-0.200659,0.26011,1.219701,1.438828,0.75271,1.170321,0.191686,-1.322908,-0.073102,29.09,0
54312,0.860412,-0.110705,0.11201,0.505906,-0.400838,0.45921,0.593107,0.869344,-0.331264,-0.561991,-0.92706,0.337008,-1.419636,1.042279,-0.05292,-0.116856,-0.466249,1.02293,0.554219,-0.07815,-0.369196,-0.411869,0.291893,-0.226007,0.629676,-0.364444,0.037398,0.019412,14345.54,0
56663,-1.497325,0.674732,0.849583,1.083815,0.259857,-0.323138,-1.251022,-0.416406,-0.030682,-0.695739,-0.614816,0.489418,0.02451,-0.672821,0.013964,1.052708,-0.245428,-0.103442,-0.284081,0.465532,-0.062685,-0.151361,0.164166,0.294577,-0.49913,-0.633651,0.082482,-0.496767,12.2,0
42402,-0.82704,0.080542,-0.881984,0.584787,0.013839,-0.863892,-0.526308,0.253725,0.958472,-0.419698,1.412332,0.168686,-0.578995,0.496216,-0.066443,-0.118968,-0.424654,0.474406,0.730916,0.051536,0.626075,0.347778,-1.059382,-1.086151,-0.680218,0.383883,-1.003261,-0.287381,490.01,0
35624,-1.498976,1.022787,-0.012469,0.55093,0.575854,0.703021,0.166242,1.178243,0.131699,-0.62313,-0.236013,0.0454,0.610976,0.291439,0.074052,1.222165,-0.421056,0.86596,0.349742,0.429866,0.972373,0.130382,0.307194,1.139857,-0.773607,1.23081,0.070486,0.135496,347.91,0
29662,0.258146,0.683589,0.350606,1.091078,0.026987,0.579712,0.137692,0.77553,0.415179,0.695038,0.106583,-0.217054,1.376571,-0.043165,0.198456,-0.161624,-0.696457,0.490919,0.548376,0.301743,0.538499,-0.599063,-0.604808,0.0968,0.25293,-0.108764,-0.940598,-0.411851,444.26,0
69699,-0.980729,0.354807,1.268559,0.82153,-0.119909,-0.72102,0.839627,0.286678,-0.197759,-0.032064,-0.125918,-0.018907,-1.55986,0.80652,0.021952,0.424613,-0.200651,0.50431,0.175996,-0.140635,0.80604,0.010846,0.401708,0.08346,0.371425,0.782118,-0.76413,0.339733,18.63,0
37579,-1.70365,1.536869,0.936207,0.290296,0.772411,-0.178275,0.129725,-0.035136,0.177299,-0.380073,0.132268,-0.136436,0.545227,0.027613,0.994793,1.391548,-0.037251,0.917939,-0.398415,-0.374711,-0.332671,0.001401,-0.197365,-0.733188,1.173087,-0.110732,-0.826676,0.173024,10.41,0
57680,-0.190707,0.643639,0.077042,0.447469,-0.285345,0.129331,-1.147892,-0.575428,0.251488,-0.00217,-0.065923,0.88439,-0.083342,0.757845,-0.82842,-0.260086,-0.099457,0.142928,0.628113,-0.413234,0.951309,0.017586,-0.097242,-0.116901,-0.014217,-0.010194,-0.786229,0.080146,202.99,0
79951,-0.849575,0.989993,0.127014,0.942952,-0.386068,-0.008236,-1.090509,-0.178181,0.527214,-0.017176,0.811821,0.301641,0.177321,-0.028857,0.220433,0.830173,-0.274078,-0.790286,0.622281,-1.507774,0.289687,-0.698491,0.146771,-0.506433,-0.287265,-0.447478,0.377545,0.460352,7.58,0
78161,-0.960641,0.198829,-0.653178,0.972532,0.41849,-0.14675,-0.230613,-0.401334,-0.701312,-0.453447,-0.884571,0.259468,-0.327386,0.649514,-0.32817,-0.515872,-0.187136,0.146265,0.185065,-0.23447,0.024161,-0.085786,0.09855,-0.868898,-0.955889,0.767713,-0.607552,-0.580412,143.41,0
67959,1.406753,0.8506,-0.258836,0.341468,0.31752,-0.304848,-0.934858,0.969279,-0.526142,-0.062297,0.051712,0.280921,1.127233,0.060379,-0.355858,-0.802806,-0.154167,0.405423,0.767992,0.69889,-0.605137,-0.356014,-0.252768,-0.423072,0.438211,-2.008416,0.548691,-0.221427,8.79,0
58953,0.949189,-0.355613,0.229333,0.689137,-0.473798,-0.94513,-0.350196,0.515799,-0.528511,0.251252,-0.068114,0.709071,0.885271,-0.52409,0.108732,0.240581,0.516869,0.018328,0.218743,0.205246,-0.934263,-0.903711,0.270873,-0.203342,-0.385263,-0.275632,0.176126,0.444198,462.46,0
34885,-0.336178,0.119135,0.225112,1.12121,-1.189913,1.480877,-0.921537,0.826561,0.330299,-0.33791,0.566184,0.216516,0.629559,0.093981,0.880605,0.056293,0.107469,0.528558,-1.497199,0.931191,0.892294,-0.562799,0.120662,-0.020981,-0.154855,-0.295437,0.149807,-0.511161,483.32,0
12162,-3.390641,4.429153,2.229867,5.746377,-0.33464,-0.697221,0.829795,-0.451919,-0.13123,3.203973,4.885052,-1.432601,0.209516,-2.149086,-3.448386,-0.317036,0.87383,0.247176,-4.689319,1.973689,1.049451,1.327795,1.303872,-0.942642,1.779901,0.285702,-0.952558,-0.771794,23054.1,1
59933,-0.98652,-0.611701,-0.88308,-0.036733,-0.041167,0.867692,0.142308,-0.23454,-0.282669,0.707085,-0.084846,0.565034,-0.331046,0.148307,-0.677604,0.84066,0.074561,-0.932761,-1.195825,-0.845142,0.733484,0.146923,0.023888,-0.3658,-1.100876,-0.236532,-1.140707,-0.530501,83.14,0
73516,-1.171707,0.123532,-0.109398,0.324869,0.267122,-0.360026,0.023905,1.067848,0.707001,-0.466387,1.193259,0.238367,-0.562834,0.191956,-0.208568,0.257097,-0.296879,0.171257,1.207146,-0.519592,0.105831,0.07835,-0.113011,-0.546727,-0.396922,0.671545,0.279624,0.162746,1.69,0
30490,-0.580015,1.750998,-0.257429,1.074152,-0.816336,0.704844,-0.297877,-1.094574,-0.087483,-0.874738,0.361378,0.612769,-0.337998,0.153908,-0.473745,-0.22241,-0.311587,-0.859875,-0.390916,-0.197433,1.576424,-0.855299,0.740442,0.420502,-0.280866,0.236426,-0.175698,1.570759,29.99,0
32668,-0.618008,-1.054408,1.336652,0.708224,1.438188,0.109271,0.094852,-0.916644,-0.174666,-0.549475,0.009381,-1.078748,0.428301,-0.560705,0.344978,0.343553,-0.137852,0.467325,1.024675,-0.225137,-0.797759,-0.164955,-0.031409,0.579965,-1.024058,-0.348395,0.693976,-0.2824,7.33,0
79914,-0.467933,0.822592,-0.796829,0.842226,-0.279654,0.871778,-0.502826,0.130523,0.438676,-0.44789,0.555109,0.889298,0.271007,0.277244,-0.086064,-0.686571,-0.303029,-0.041808,-0.293385,-0.082115,0.613696,0.227818,0.060448,-0.619788,-0.891202,0.069108,-0.093453,-1.154175,399.6,0
85232,-1.337847,-0.004204,0.444744,0.965459,0.416539,-0.543948,0.795933,0.477451,-0.013314,-0.210816,-0.479562,0.775435,-0.24651,0.125868,0.350001,0.256944,-0.094066,0.037371,-0.261773,1.098397,0.558418,0.118955,0.391835,0.32737,0.159975,0.695035,1.149363,0.263941,1536.13,0
66335,-0.19997,0.488702,-0.018475,1.543176,0.107062,-0.142791,-1.22318,0.699191,0.146845,-0.382273,-0.004018,-0.385895,-0.765494,0.428161,0.78226,-0.556024,0.084723,-0.795023,0.511531,-0.432516,-0.087193,0.325629,-0.996542,0.401294,-0.528281,1.420534,0.06055,1.037475,48.29,0
49880,-0.423056,-0.376822,0.876544,0.276539,0.890985,-0.222825,-0.474392,-0.277193,0.651826,-0.401243,-0.289123,0.329981,-0.750716,-0.700124,0.07986,0.686112,0.033895,-0.092915,-0.239654,-0.678083,-0.614415,-0.265052,-0.626367,-0.256714,-0.139235,0.398526,-0.093276,-0.602518,296.15,0
80794,-0.725824,-0.607865,-0.354867,0.543217,-0.483617,-0.247728,0.445216,0.216998,0.737245,0.563077,1.091445,-0.701863,0.621666,0.169518,0.351153,-0.252371,0.18341,-1.203853,0.04291,0.258463,-0.290253,-0.03739,-0.493795,0.265272,0.111488,-0.043832,0.313078,-0.340086,55.68,0
74405,-0.369988,0.335221,-0.627008,0.886639,0.741203,0.467245,-0.114834,-0.80592,-1.244333,-0.811447,-0.090656,-0.281438,0.087405,-0.179887,0.145931,0.851446,-0.079612,0.582011,-1.051674,-0.191493,-0.586798,0.035228,-0.290974,0.765465,0.385341,-0.330296,0.040675,1.452166,24.26,0
35965,-1.221169,1.058009,-0.037421,0.919796,0.240031,-0.955278,-0.542531,0.058427,-0.298728,-0.185289,0.153347,-0.265312,0.680456,-0.140943,-0.11424,-0.72574,-0.630534,0.245646,0.625627,-0.942426,0.347902,-0.335211,-0.051339,0.422016,-0.542729,-0.130973,-0.772794,-0.686889,7618.51,0
76314,-1.100778,-0.459923,0.53292,0.55933,0.273502,0.899689,0.058382,1.049576,0.111279,-0.786955,-0.396665,-0.51196,0.110729,0.276195,-0.305884,-0.58331,-0.249252,0.386941,-1.088941,0.071821,0.546464,-0.799248,0.294369,0.000387,-0.405548,-1.195449,0.311279,0.115859,33.25,0
77632,-0.41661,1.466206,0.233617,0.446834,0.059275,0.240048,-0.414675,0.743802,0.092212,-0.307801,-1.789002,-0.147762,0.138522,0.840402,1.269868,0.301549,0.632278,0.761797,0.674816,-0.084771,0.402444,0.04248,0.162847,-0.132875,-1.518183,0.002648,-0.106478,0.015524,181.34,0
86044,-1.168146,1.136399,-0.339852,0.568216,-0.434712,0.528287,1.055526,-1.132247,0.89205,-0.263597,-0.498277,-0.648874,-0.719753,0.874159,-0.006014,-0.824555,-1.287124,0.618407,0.693894,-0.050337,-0.799657,-0.523219,-0.34598,-0.535834,0.294258,-0.497739,0.032128,-0.715063,302.79,0
76544,-1.040744,0.046151,-1.102756,0.509596,-0.087108,-0.356603,0.223793,0.49816,-0.472695,-0.313384,1.400325,-0.03005,0.154074,-0.079138,-0.275942,0.760013,0.921103,0.107944,0.061432,0.274478,-0.342275,-0.651072,-1.37256,0.118628,0.564642,-0.274496,0.28577,-0.451302,4587.98,0
68611,-0.309153,1.147537,0.158054,0.8002,0.27504,0.159966,-0.637807,-1.186944,-0.433005,0.338812,0.645633,-0.104625,0.778762,0.585312,0.28748,-0.304519,-0.762779,0.679673,0.768971,0.033021,-0.587592,-0.796113,1.125006,-1.043134,0.375609,0.352897,-0.622317,0.101352,555.76,0
71628,-0.297216,0.19122,0.639779,1.050544,0.720348,0.219933,0.024915,0.057028,-0.377216,-0.48844,-0.315179,0.11422,0.158835,0.089469,0.199809,0.180549,-0.375404,-0.003242,-1.094419,0.351456,0.82985,-0.254516,0.004671,0.316208,0.340613,0.232525,0.787096,-0.121527,347.76,0
29396,-2.569631,0.594725,0.335685,0.052151,0.133212,0.433494,-1.354358,-1.595719,-0.327838,-0.316113,-0.447548,0.663008,0.071255,0.587402,-0.537826,0.857461,-0.888354,0.558929,0.299682,-1.686496,0.264283,-0.158115,-1.381825,-0.48641,-0.286978,-0.313349,-0.535652,-0.45811,906.34,0
38038,-1.414577,1.15715,0.133634,0.561142,-0.036906,-0.560275,0.046724,0.966296,0.010916,0.158252,0.797106,1.516653,-0.615261,-0.228243,-0.064799,0.096946,0.22803,0.341653,-0.067811,-0.170496,0.551915,-0.718317,0.735949,-0.479763,0.788237,0.574168,0.403879,-0.323372,1070.39,0
62690,0.787376,0.906105,0.928506,0.897467,-0.971449,-0.597775,-0.332406,0.076214,0.703593,-0.634887,-0.507651,-0.005936,-0.471745,0.280206,1.092631,0.018299,-0.06443,-0.918978,-0.638664,-0.086458,0.125384,-1.166931,-0.294269,0.263461,0.582787,-0.391274,0.871935,-0.047695,163.46,0
73347,-1.277828,1.448077,0.279599,0.09538,0.731218,-0.024107,1.011691,0.636514,0.869707,-1.012279,0.183274,-0.170075,1.033522,0.258863,0.710689,-0.914812,0.280146,-1.121258,0.545753,0.523979,-0.525537,0.53848,0.195925,0.014414,1.344596,-0.616742,-0.118539,-0.220521,281.32,0
29707,0.245935,-0.060708,0.004524,0.64063,-0.202775,1.074968,-0.247889,-0.801376,-0.178098,-0.027488,-0.651854,0.748036,-1.009704,-0.377143,-0.880629,0.631673,0.066425,-0.715549,-1.019175,0.461083,-0.028036,0.032574,1.320345,0.37404,-0.77567,0.068715,-0.608536,1.049814,43.56,0
56341,-1.010705,0.877353,0.874319,0.40191,0.701265,0.22391,-0.450686,0.269154,0.792236,-0.548701,0.134628,-0.23568,-0.356482,0.377967,-0.162048,0.039568,-0.231414,0.572435,0.846645,0.489844,-0.686309,0.013716,-0.525378,0.250501,-0.011179,-1.095166,-0.054657,0.062668,11626.04,0
32326,-0.105903,1.054278,0.027489,0.168944,-0.414555,0.082986,-0.741046,0.40417,-1.060282,-0.607844,-1.3298,-1.135267,-0.206888,1.083347,0.708235,-0.825534,0.695128,-0.2219,-0.093949,0.191667,0.15418,1.109901,0.406654,0.62837,0.143387,-0.83013,-0.091961,0.372973,28.84,0
75439,0.238305,-0.357008,-0.55432,0.872224,-0.668284,-0.654707,0.341411,0.055558,-0.477916,-0.461664,0.202425,0.509274,-0.055386,0.176708,0.237122,0.728195,0.461543,0.343802,-0.144149,0.426739,0.236501,0.557421,0.528639,0.446522,-0.75534,0.512368,0.441386,0.787397,303.93,0
60111,0.402175,-0.241752,-0.969667,1.016582,-0.686005,1.389834,-0.741114,0.569547,-0.261899,-0.822536,-0.035046,1.112007,-0.370469,-0.378671,0.253896,-0.116026,0.601033,0.915597,1.342368,1.268931,0.406165,0.353864,1.001781,-0.010097,0.340733,-0.120692,-0.468897,1.566869,38.85,0
36897,0.298782,0.122151,1.386632,0.893966,-1.19312,0.204543,0.61035,0.045062,0.774915,0.027867,-0.194718,1.112658,0.205876,1.404771,-1.231546,1.171785,-0.31177,-0.464713,0.345465,1.171562,-0.697351,-0.698759,0.130201,0.189622,0.635104,0.27935,0.618035,0.205211,37.3,0
85722,0.1238,-0.714775,0.803256,1.594076,1.407734,-0.492145,-0.757762,-0.041392,-0.301701,-0.392076,-0.304204,0.105857,0.153705,0.200766,0.272591,-0.370316,-0.542393,1.083359,0.033664,-0.290188,0.297331,0.057732,0.27148,0.751656,0.031152,-0.476763,0.046152,-0.867057,52.78,0
70601,0.041888,0.231294,-0.084436,0.763337,0.750977,-0.174952,1.076613,-0.316507,0.310725,-0.058368,-0.070235,0.445408,-0.763043,-1.156025,-0.344885,-0.053264,-0.291464,0.496771,0.844427,0.05516,0.601266,1.042094,0.696022,-0.486877,0.465237,0.080063,-0.009071,-0.119274,35.87,0
69035,0.671309,0.557977,-0.354127,0.637645,0.00405,-0.142629,-0.16543,-0.450189,-0.843512,-0.106771,0.480004,0.191916,-0.589912,-0.500809,-0.590793,0.662489,0.370729,-0.443334,0.612719,0.614374,-0.172524,0.37002,0.844845,0.30909,0.364308,1.016754,-0.286464,-0.403509,31.28,0
47471,0.114125,0.291092,-0.106381,1.011421,-0.116103,0.199017,-0.426215,-0.694818,0.376393,0.140483,-1.209246,-0.993622,0.517736,-0.278946,0.215303,0.36888,0.315559,0.191949,-0.423565,-0.244117,-0.203982,0.236179,0.078586,-0.788317,0.189126,0.662436,-0.543804,0.397599,107.81,0
61646,-0.639419,-1.036027,0.0043,1.067646,-0.260197,-0.062844,0.531101,0.733191,0.027639,-0.583852,0.148719,-0.077331,-0.30914,-0.289553,-0.230756,0.896492,-0.226209,-0.128071,-0.812067,-0.53707,0.263953,-1.106935,0.127366,1.132675,-0.018922,-0.589606,-0.050096,1.278124,108.15,0
34815,-1.573591,0.924351,0.740282,0.81254,-0.264024,-0.438067,-0.114412,-1.274352,-0.007,-0.558041,-0.115712,-1.588088,0.27959,0.041217,-0.084508,0.477461,0.329266,-0.647841,-0.624286,0.063976,-0.247997,-0.888915,-0.940257,-0.146658,0.395451,-0.559901,-0.57665,0.050663,2889.49,0
4580,-2.867903,-2.239109,-2.606248,-2.980552,-0.098009,-1.577835,-0.616647,0.011715,1.897003,-4.9837,-4.048974,-1.590731,-2.071553,5.676234,5.596049,0.342166,-0.497132,1.002506,1.719852,0.413918,1.099906,1.687474,0.741712,0.776805,1.549095,2.000973,-2.097955,1.882601,8820.96,1
70266,-0.274823,0.908543,0.933687,0.235575,-0.190977,0.156249,-0.003454,0.419313,-0.823429,-0.57974,-0.431444,-0.520986,0.056094,0.131583,-0.371727,-1.419044,0.510002,1.162098,-0.110293,-0.807209,1.244531,-0.536226,-1.122105,-0.672576,-0.984392,0.231398,-0.075484,-0.070727,2349.1,0
68157,0.530958,0.253485,0.60564,0.983867,-0.084733,0.413455,0.582842,0.55711,-0.372893,-0.388493,-0.431503,0.464859,0.230084,0.304549,-1.002486,-0.122028,-0.043147,-0.026532,-0.196018,0.774214,1.007513,-0.553651,0.236168,-1.011861,0.916207,-0.087835,-1.996828,0.190503,494.9,0
30101,-0.15089,1.484374,0.308389,0.326634,-0.470316,0.006735,0.804969,-0.515144,0.098255,-0.049422,0.200288,0.014054,-0.565419,0.086506,-0.104799,0.701864,-0.743727,0.572949,0.178059,0.269155,0.524742,-0.130268,-0.021441,0.24343,0.709057,0.112659,-0.236968,0.188284,225.67,0
45301,1.005329,-0.188308,0.177178,0.960378,0.574633,1.005967,0.963325,-0.662176,-0.498064,-0.427725,0.615258,-0.340793,0.075404,0.691761,0.659826,0.124616,-0.351324,0.298662,-0.944668,0.325095,1.120444,0.04226,0.543316,0.229258,0.324464,0.274034,0.254637,0.194763,666.52,0
31110,-0.556779,0.378943,0.153126,-0.572722,-0.472151,0.321061,-0.077758,-0.158312,-0.427874,-0.203982,0.155082,-1.010457,-0.232658,0.422313,0.354604,1.250463,0.693045,-0.580542,1.22893,-0.094846,1.160712,0.472971,-0.52892,-0.959853,-0.561548,-0.194534,0.766949,-0.133954,443.22,0
85156,0.501647,0.740118,-0.554545,0.754249,-0.067654,-0.66587,0.871839,-0.016121,0.518957,0.109124,0.490482,-0.201522,-1.262168,-0.493288,0.578104,0.153816,-0.519702,1.156374,-0.191431,-0.065523,0.061002,-0.055858,0.302981,0.054063,0.495678,0.265183,-1.098984,0.76412,496.53,0
60428,-1.324551,0.078642,0.305741,0.317188,-0.011162,0.481558,0.01991,-0.340361,-0.075003,0.044493,0.42891,0.540164,0.760187,0.601835,0.469462,0.49064,-0.647014,-0.384416,0.293996,0.355454,-0.157592,0.403184,-0.160634,-0.331284,-0.473011,0.62972,-0.138943,-0.320602,36.82,0
66559,-0.535639,-0.198834,0.101462,0.225262,-0.224251,-0.490455,0.088696,-0.134784,0.215509,0.131031,-0.324857,0.29841,-0.018298,-0.493352,0.324565,-0.104902,-0.069129,0.142068,0.427069,0.386698,-0.747835,0.79132,0.458972,-0.341341,0.311753,-1.031555,0.064132,0.11794,414.58,0
48633,-1.045182,1.348446,1.008445,0.659602,-0.609842,0.214574,0.182303,0.742913,-0.213855,0.356417,-0.635557,0.942773,0.482312,-0.760478,-0.202307,-1.099561,0.362139,0.68154,0.311798,-0.489803,0.717278,-0.50371,0.982157,-0.461093,-0.179211,0.471386,-0.42307,0.217677,89.09,0
54605,-0.312836,0.820136,-0.10131,0.454049,-0.284607,0.195084,0.565481,-0.689113,0.414244,-0.131014,-1.084674,0.157742,-0.115992,-0.481411,0.495401,-0.002824,0.60712,0.385413,0.177544,0.912706,-0.779869,-0.72319,-1.083122,-0.365006,0.068599,0.091142,-0.20316,1.243601,2450.22,0
43318,-0.221911,0.460873,-0.019384,0.792982,0.395311,-0.845073,0.130331,-0.844654,-0.326974,-0.332524,0.955927,0.102667,0.853645,0.586074,0.063137,-0.384671,0.145781,0.835454,0.855448,-0.363263,-0.445377,-1.041296,0.511242,-0.008351,1.123863,-0.405937,0.309186,-0.48895,2763.08,0
39958,0.05244,0.266238,-0.04505,1.594471,0.166028,0.151054,1.197438,-0.05136,1.185128,-0.540658,0.774592,-0.190379,-0.103015,-0.957821,-0.167523,-0.572365,0.663042,-0.265139,0.332376,0.065191,0.170703,0.088041,-0.574901,-0.738669,0.363712,1.674462,0.074347,0.525409,32.91,0
38918,-0.647455,0.138283,-0.501647,0.783189,-1.176365,-0.549823,-0.166619,-0.36705,0.705701,-0.405076,-0.089302,-0.388084,0.530995,-0.43365,0.023433,-0.36865,0.791092,-0.410642,0.068125,0.897389,-0.444494,0.111759,-0.027957,-0.300519,-0.694109,1.631329,-0.678017,0.562532,171.65,0
73984,-1.310829,1.694311,0.171668,0.681601,1.73469,0.461714,0.35709,-1.087463,-0.721389,-0.573697,-0.346609,-0.417181,0.195633,0.361306,-0.130659,0.280002,0.128942,0.346284,0.397248,-0.009,1.073548,0.693723,0.354907,-0.186302,0.177603,0.37835,0.256905,0.815946,2691.44,0
78695,-0.980534,0.105325,0.907114,1.410951,0.494172,-0.240124,-0.157004,-0.653315,0.468213,0.124479,0.013623,-0.379727,-0.923015,0.638645,0.293737,-0.364581,0.75435,-0.012874,0.601018,-0.024512,0.288582,-0.168031,1.071127,0.839812,0.710452,0.379467,-0.420276,-0.238333,33.23,0
70228,-1.112676,0.302494,0.276065,0.294009,-0.552789,-0.857477,-0.763256,-0.603632,0.988913,-1.064482,0.182716,-0.396949,-0.448013,0.247559,0.682677,0.53065,-0.295495,0.38003,-0.198193,-1.453452,-0.087847,0.40157,-0.585738,-0.697229,0.987213,-0.023317,-0.068524,-0.518218,317.63,0
78297,0.066121,0.494598,0.290652,0.949193,-0.021688,-1.244798,-0.6736,-0.201176,-0.381057,0.118722,-0.141001,0.239683,0.642974,0.09588,-0.681752,0.321608,0.607532,-0.201495,-0.784347,-0.877708,0.112654,-0.174904,0.508849,0.001748,0.283056,0.372167,-0.333984,0.132468,164.29,0
40840,-0.441893,-0.255218,0.142788,1.046994,0.081829,1.402925,-0.220096,0.286398,0.146896,0.348688,0.666868,0.959671,-1.377429,-0.303766,0.503993,0.306453,-0.85108,-0.155341,-0.090018,0.314439,-0.207644,0.282872,0.406403,-0.391773,-0.168117,-0.791591,0.477788,0.192656,2606.34,0
31137,-0.194662,0.713794,-0.433947,0.928667,-0.250581,-0.889625,-0.192423,0.965714,0.617589,-0.9459,0.197703,0.316827,-0.19223,-0.324886,-0.419809,0.252955,-0.033127,-0.13405,-0.18955,0.584911,-0.298524,0.053398,0.770394,-0.564401,-1.058835,0.11094,1.051045,-0.072817,356.34,0
43004,0.954535,-0.077507,-0.40414,0.591182,0.818189,-0.009974,-0.023866,-0.573988,-0.45886,-1.089159,0.093032,0.005278,0.108436,-0.381984,-1.21356,-0.290896,-0.515289,-0.136424,0.379182,-1.295219,-0.809331,-0.416327,-0.091507,-0.318101,-0.656651,0.829781,-0.699338,-0.01845,18.8,0
49011,-0.841865,0.899912,-0.816439,0.447692,0.456651,-0.626504,0.196695,0.3501,-0.358513,-0.459729,0.43909,0.391817,0.099094,0.443743,-0.629012,-0.734709,0.198429,0.173812,-0.118276,0.519669,-0.57373,0.194347,-0.014108,-0.710943,-0.672948,0.88686,0.052148,0.293323,404.82,0
42622,-1.197711,0.281289,-0.469409,0.39237,1.009558,-0.185573,-0.459237,0.195087,0.686581,0.106393,0.83144,0.356701,-0.695567,0.946262,0.1414,0.434322,-0.518512,-0.399015,0.22206,-0.092926,0.152192,-0.197167,-0.497485,0.683034,-0.686478,0.581949,0.041557,-0.657251,1531.04,0
70940,-0.522818,0.745455,-0.187507,0.640842,0.238297,-0.692653,-0.670722,-0.37461,-0.056942,-0.604322,-0.957989,-0.007766,0.218731,-0.883173,-0.93315,-0.649956,0.671625,-0.637869,-0.612881,0.707015,-1.400824,-1.022591,-0.670195,0.051913,0.381969,-0.830908,-0.245824,0.310107,55.09,0
55845,-0.302491,-0.539687,0.64968,1.013295,-0.01124,-0.146178,-0.235345,0.712998,-0.701757,-0.018376,-0.020145,0.073939,-0.827116,-0.027327,-1.106797,-0.152617,-0.109171,0.806647,0.09896,0.295896,1.510837,0.353155,-0.53137,-0.85133,0.226371,-1.050206,-0.076954,0.163117,11881.9,0
62459,-0.926399,0.31235,0.968002,0.411943,0.72714,0.217222,0.306284,-0.156524,-0.470506,-0.001374,0.323233,0.188514,0.050944,1.303538,0.28537,-0.658879,0.269212,-1.847843,-0.14426,-0.240299,0.052283,0.991517,0.644673,-0.035622,0.063728,0.801318,-0.28371,0.121523,446.02,0
37379,-1.883159,1.066661,-0.376494,0.760927,-0.687865,-0.227829,0.351667,-0.303922,0.125591,-0.009038,0.528805,-0.491271,-0.464954,0.242878,0.246573,0.883268,-0.957037,-1.404099,0.472514,-0.978083,0.4868,0.065331,-0.120894,-0.017268,0.20788,0.00574,-1.290366,0.100286,30.74,0
50301,-0.140729,0.56103,-1.680002,0.198407,0.077701,0.776634,-0.015802,0.782284,-0.907448,-0.275703,-0.817512,-0.563052,0.644539,0.630583,0.55809,0.439334,1.422292,-0.239524,-0.736494,0.389761,0.521373,0.37448,-0.273628,-0.812376,-1.229407,0.603908,-1.134701,1.008385,17.83,0
74532,0.009537,0.975866,-0.160798,1.208513,-0.296031,-0.029072,0.268122,-0.273277,-0.154292,-0.016872,-0.590176,-0.039296,0.270919,0.340732,0.690813,-0.624248,0.006428,1.107551,-0.346356,0.628078,0.214622,-0.089328,1.366878,0.39434,1.07817,-0.06838,0.306843,-0.536983,26.64,0
62959,0.722931,0.706795,0.256193,1.085268,0.151627,-0.512242,0.12432,0.000706,0.688118,-0.260112,-0.484693,0.416927,0.995877,-0.622493,0.289187,0.339978,-0.790742,0.03064,0.153557,-0.893032,-0.792299,0.631679,-0.583874,0.32372,0.203651,-0.995829,-0.355444,-0.338996,498.29,0
34536,0.189686,-0.319651,-0.567168,0.390483,0.64305,1.072733,-0.460678,-0.699775,-0.121477,-0.138113,0.235414,-0.267939,0.718825,0.393216,0.352534,0.117004,-0.510159,0.323722,-1.056765,-0.903775,-0.435246,0.044876,0.294104,0.493749,0.091225,0.280755,0.323786,-0.16684,116.43,0
58399,-1.286607,-0.058663,-0.189598,0.657905,-0.691093,0.097349,-0.130249,0.268963,0.823138,-0.71262,-0.002128,0.05848,-0.363784,-1.046816,-0.081415,1.25009,0.105561,0.296777,0.245804,0.089703,-0.853792,0.03241,-1.173634,-0.106528,0.809713,0.340996,-0.309306,-0.402912,1095.69,0
53940,-0.228803,0.223573,0.384598,0.708124,-0.225344,0.042744,0.863237,-0.282723,-1.213007,-0.193151,-0.745441,-0.86323,0.737697,-0.619399,-0.383112,0.109782,-0.571372,-0.369071,-0.936699,0.176354,0.746345,0.181926,-0.657156,0.385973,0.648091,0.08923,-0.12502,0.026892,1659.86,0
82330,0.244953,1.010077,-0.671281,0.439644,-0.107326,-0.776984,-0.636298,-0.005353,-0.497554,0.456966,0.128343,-0.724076,-0.107675,-1.005676,-0.11455,-0.185411,-0.506988,-0.9992,-0.205661,-0.442533,-0.261277,-0.011938,-0.440368,-0.035231,-0.119573,0.797871,-0.160833,0.745102,21.29,0
75826,0.238475,0.6122,0.112881,1.47673,-0.394775,-0.360482,-0.820981,0.652715,-0.052793,-0.361823,-0.220453,0.273323,-1.246498,0.747513,0.248489,-0.418339,0.600333,-0.023815,-0.47535,0.383527,-0.069541,0.627059,-0.160819,0.96086,0.27232,-0.98245,-0.159103,-1.760787,487.48,0
67250,-0.915119,-0.074646,-0.465133,0.705274,0.20034,1.254423,0.573292,-0.293364,0.121764,-0.289374,-0.538639,-0.579917,-0.064376,0.620309,-0.299578,-0.13341,-0.007654,-0.463839,-0.283975,-0.538465,0.121621,-0.202908,-0.374558,0.95127,-0.151543,0.534368,-0.692133,-0.071732,356.77,0
58617,-0.271856,0.638041,-0.512295,0.969022,1.231674,-0.31046,0.347049,-0.484359,-0.120259,-0.529572,0.608094,-0.195609,1.755273,0.782004,-0.137686,0.742222,0.701732,0.296568,0.069155,0.89251,-0.433757,-0.013029,-0.12127,-0.927504,0.039269,-0.370113,0.155318,0.072727,157.52,0
62332,-0.679557,-0.035253,-0.468887,0.672683,0.096326,-0.541266,-0.442049,-0.574842,-1.127568,-0.021546,-0.980556,1.038034,-0.651614,0.427259,-0.309159,1.047827,-0.472314,-0.700545,-0.102033,0.05826,0.464685,1.356286,0.85291,0.593101,0.339881,-0.797968,0.608379,0.176758,362.38,0
66867,-1.015938,0.595159,0.757982,-0.073641,-0.155855,-0.647193,-0.02778,-0.347885,0.311603,0.287026,0.148342,-0.551171,0.327723,0.125579,0.604657,-0.067598,-0.258743,-0.939714,-0.661342,0.497895,-0.134579,0.78388,-0.167385,0.160517,-0.125336,-0.631289,-0.83415,-0.433762,440.49,0
37887,0.557909,-0.102308,-0.122543,0.37226,-0.385098,0.725178,-0.676627,-1.04508,-0.326397,-0.726661,-0.461545,-0.390557,-0.283717,0.249444,-0.214739,-1.326721,-0.900034,0.172367,-0.626987,-1.263818,-0.271663,0.323929,-1.074597,-0.110999,0.531152,0.428072,0.986732,1.775488,463.49,0
72281,-0.018289,0.288879,-0.870243,-0.066314,0.382476,-0.42403,0.3107,1.439152,-0.438497,-0.593912,-1.120521,0.237418,0.225655,-0.854865,-1.100515,0.552049,-0.020192,1.547499,-0.765179,-0.341335,0.234895,-1.237002,0.364112,0.565543,0.96622,-0.602152,0.161557,0.15536,404.56,0
65962,-1.026038,0.887985,0.159302,0.54516,0.117884,0.477895,-0.100717,0.554568,-0.795462,-0.564568,-0.712195,-0.378563,-0.360939,-0.426409,0.722993,0.30745,-0.200628,1.091191,-0.872563,0.187591,-0.366505,0.829164,0.670719,0.020441,0.759906,-0.238958,-0.706786,-0.184652,11066.97,0
74208,-0.480349,0.196829,0.458228,0.412143,0.49233,-0.453899,1.079382,0.01246,-1.201328,0.366641,0.916381,-0.004641,0.24857,0.018876,0.123633,-0.573931,-0.435207,-0.216527,-0.330071,0.111185,-0.043754,-0.936408,1.212382,-0.871169,0.2072,-0.669595,0.398059,-1.255617,15.07,0
81227,-1.986688,0.825788,-1.158738,2.015533,-0.205592,0.408148,-0.976627,-0.869927,0.064012,0.322577,-0.123481,0.439328,-0.51044,0.853351,-0.077736,0.612955,0.818981,0.342596,-0.477267,0.080331,0.108597,0.008478,0.475206,0.00621,-0.24562,-0.493656,0.044837,0.6012,2392.07,0
36591,-0.428061,1.019587,-1.404699,0.448438,-0.595581,0.003097,-0.871994,-0.049104,-0.658131,-0.953414,0.337638,0.198997,-0.122545,0.007253,-0.129661,0.813312,-0.577313,0.436844,1.396519,0.584361,0.351119,-0.933132,-0.428093,0.398916,-0.492456,0.293289,-0.187022,-0.715097,232.48,0
64663,-0.539717,-0.02214,0.08802,0.733297,-0.00288,-0.468747,-0.320651,-0.606909,-0.225328,0.086358,0.045517,-0.09911,-0.404066,0.61177,-1.113043,0.535724,-0.48405,0.964329,0.834849,0.51571,-0.549601,0.231756,1.003753,0.01601,-0.551446,0.311983,0.051469,-0.173027,467.81,0
31562,-0.900109,0.118218,-0.524804,1.228322,0.844639,0.073821,0.447984,-0.676614,-0.803456,-0.211014,0.059532,-0.320917,0.102152,0.08864,0.279395,-0.309893,0.12645,0.04818,-0.167156,0.123876,0.301524,0.081328,-0.160366,-0.177474,-0.464087,-0.169775,0.711256,0.235626,391.62,0
60381,0.195311,-0.750554,-0.692636,1.098311,-0.517735,-0.103911,-0.462188,-0.282998,-0.047703,-1.034044,-0.009577,0.029982,-0.252308,0.828416,0.517208,0.679257,-0.282165,-0.669001,0.922299,-0.208698,-0.506071,-0.114109,-0.04532,-0.147144,-0.719557,0.935941,0.684419,-0.406834,50.94,0
52730,-1.365073,-0.431276,-0.393626,-0.179023,-1.279482,0.438864,-1.009774,-0.253275,-0.231536,-0.460445,0.672814,-0.132853,-0.728424,0.425246,0.421861,0.854674,-0.413375,0.581999,-0.808902,-0.363162,0.640158,0.408857,0.098196,-0.604639,-0.08009,-0.623851,-0.759039,0.573006,39.66,0
35183,-1.050686,0.397433,-0.135234,1.021091,0.36276,0.454578,-0.786481,0.583866,-0.360026,-0.162898,-0.418972,0.628132,-1.208782,0.580366,0.31252,-0.268266,-0.190286,-0.548779,1.02136,0.317251,1.58933,-0.097359,0.08663,-0.111452,0.6361,-0.442766,-0.568293,-1.098128,203.22,0
58359,-1.733033,0.537457,0.355067,0.973388,0.11765,0.010841,0.408947,-0.034047,0.131979,-0.073947,-0.526873,0.035475,0.974892,0.3212,-1.118085,-0.04646,-0.478467,0.047735,0.066128,0.331848,-0.519861,-1.175702,-0.835627,0.08515,-0.38014,-0.498795,0.690306,0.10993,194.9,0
55212,-0.256282,0.44934,0.106282,1.312579,0.423088,-1.072246,-0.484864,-0.613169,0.321568,-0.215042,0.483188,-1.271587,-0.079021,-0.110521,0.430426,0.681137,-1.025937,0.015985,-0.208699,0.427897,0.317934,0.094755,0.487815,0.274937,-0.031995,0.510552,-1.542874,0.785957,28.93,0
38776,-1.842804,1.129448,-0.020756,1.427089,-0.753439,0.030831,-0.101398,-0.582083,0.842065,-0.080286,-0.083287,-1.584724,0.133283,-1.321318,-0.308176,0.040922,-0.517589,1.153126,0.983674,-0.228996,-0.57517,0.697282,-0.44582,0.467682,0.660424,-0.8424,-0.382129,0.717841,2356.02,0
36153,-1.047227,-0.238887,0.251402,0.278725,1.86456,0.387905,-0.096611,0.391139,0.755937,0.126402,0.201236,0.514484,-1.001313,-0.764689,-0.536633,0.329532,-0.598867,-0.360507,-0.636121,-0.788472,-0.269198,-0.328592,-0.969177,-0.151049,0.732341,0.175631,0.69885,-0.621484,49.45,0
65334,-0.478848,-0.470336,0.195287,1.651348,-0.066591,-0.417273,-0.938679,-0.630269,1.39348,-0.660459,0.544859,1.371378,0.462777,-0.415954,0.254543,-0.579065,-0.196734,0.810906,0.357437,-0.616684,-0.193546,0.086772,-0.352628,-0.165524,0.08977,0.22858,-0.825988,-1.610713,2506.8,0
48073,-0.605634,0.831677,0.028781,0.313177,0.408854,-0.454309,-0.053834,0.642561,-1.072213,-0.702198,0.677148,-0.082491,0.559794,0.019181,-0.245076,-1.532255,-0.447483,0.181471,0.527128,0.338273,-0.369249,1.303128,-1.12448,0.019158,0.173076,0.146716,0.293761,1.045958,220.7,0
78456,0.504384,1.204467,-0.425234,0.772815,-0.751036,0.489103,0.177476,-0.04454,1.233055,-0.363908,-0.859948,-0.701866,1.172542,0.176854,-0.093489,-1.047967,-0.382585,0.467009,-1.36287,-1.01663,-0.676594,0.210739,0.178872,-1.102933,0.310978,0.536923,-0.279341,-0.286376,234.85,0
71650,-1.62276,2.061512,0.254508,1.02087,0.228261,0.207771,0.647886,-0.601423,0.152325,-0.34282,0.029187,0.830858,0.528326,-0.28559,-0.519479,-0.528179,0.19696,1.002425,-0.397097,0.93273,0.288581,-0.579093,-0.375482,-0.038969,0.23112,1.05358,-1.000816,0.206627,31.84,0
48889,0.202346,0.342683,0.282271,1.19815,-0.578139,0.285285,-1.749789,0.595484,-0.603426,-0.22735,1.176379,0.618354,0.767459,-0.211766,-0.262325,-0.561093,-0.222158,-0.586102,-0.50366,-0.434045,0.390876,0.018432,-0.390101,0.121364,0.293561,0.755559,-0.481817,0.744334,327.73,0
64386,-1.30545,2.116992,-0.390098,0.564123,0.490715,0.458012,0.226417,-0.099388,-0.191597,0.398069,-0.088783,-0.183042,-1.376039,0.430253,-0.891927,-0.206867,0.992138,-0.610678,-0.392368,0.109768,0.04139,-0.365938,0.333965,1.346692,-0.096849,0.062015,0.921139,-0.046353,6.41,0
65864,0.090029,0.842461,-0.345092,0.13285,0.684603,-0.365628,0.113538,-0.874407,0.052148,0.195892,0.315249,0.644244,-0.221401,1.240692,-0.173246,0.323382,1.083678,0.387874,1.144445,-0.495083,0.137113,-0.695777,-0.167659,0.940304,0.561383,0.062198,-0.45929,0.420212,241.49,0
61274,0.610321,-0.072572,0.362907,0.262927,0.159655,0.801053,0.08305,-0.801409,-0.353251,-0.576312,0.188702,0.222018,1.090807,-0.060827,0.493829,-0.038144,0.063562,-0.336173,-0.157298,-0.344373,0.201111,-0.290768,1.009222,0.05214,-0.482647,0.053425,-0.377623,-0.364357,45.66,0
47190,-0.700493,0.972942,-0.663763,0.94279,-0.238389,-0.463336,0.313145,-0.165692,0.332517,-0.595166,-0.007754,0.190114,1.014476,-0.0917,-0.101172,-0.384821,-0.529424,-1.031915,-0.105196,-0.032533,0.131289,0.06804,0.618504,-0.402742,0.317352,0.160273,-1.061939,0.209166,2578.41,0
57503,-0.355578,0.089412,0.341992,1.126008,-0.270349,-0.105718,0.338146,-0.157981,-0.717367,0.00726,-0.92317,0.404131,-0.204835,0.278898,-0.889322,-0.561801,0.529331,-1.178427,0.213409,0.279897,-0.73231,-0.274105,-0.370774,0.318309,0.32522,-1.021697,-1.310689,-0.265335,29.09,0
47413,-0.257085,0.177528,-0.768959,1.033686,-0.576351,-0.254143,0.635026,-0.366,0.978599,0.062661,-0.895467,0.674622,0.182665,0.170954,0.352652,0.218044,-0.425008,-0.495363,0.465409,-0.02598,0.641139,-0.060392,0.976314,1.12539,-0.447673,-0.035941,-0.133768,-0.824485,42.05,0
71258,-0.950929,1.175395,0.067402,0.177505,-0.145981,-1.190461,0.097593,-0.927554,0.18651,0.258419,0.127859,0.516038,0.29985,-0.213303,-0.411666,0.729614,0.15198,1.246185,0.130599,0.63034,0.254632,0.352203,0.606368,-0.971941,-0.280401,0.225719,-0.226612,-0.688568,592.54,0
45148,0.362742,0.81674,-0.636096,0.557598,0.621733,0.067624,1.496894,-0.738437,0.28198,0.13474,-0.316337,0.127857,0.557087,-0.061604,-0.868303,0.23453,0.547557,1.508492,1.554995,-0.450179,0.698316,-0.52247,0.138149,-0.007528,-0.144103,-0.695698,-1.142134,-0.780332,38.54,0
52814,0.211336,-0.653777,-0.730804,0.262695,0.214002,-0.353349,-0.351031,0.728753,-0.064338,-0.428182,0.049169,-0.03397,-0.035744,1.03337,-0.191236,-0.707518,-0.011217,-0.43873,1.175151,0.107226,-0.134631,0.259099,-0.604361,-0.107649,-1.27503,0.016398,0.012167,0.308938,2286.13,0
77687,0.023491,-1.506036,-1.411111,0.093561,0.584299,0.167344,-0.697124,0.087844,0.053439,-0.629154,-0.147758,-0.024152,-1.029173,-0.918331,-0.04336,0.497176,-0.635104,0.150734,-0.802945,-0.118433,-0.769603,0.315839,-0.815583,-1.279868,0.118284,0.079769,0.944966,0.230889,14972.67,0
68754,-1.000661,0.477738,1.024267,0.627406,-0.243958,-0.12172,-0.528922,-0.298628,0.820151,-0.471519,0.332119,0.175532,-0.453402,-0.316263,-0.745877,0.816375,-0.321709,-0.697878,0.228743,0.093477,0.591398,-0.392682,0.251067,-0.749499,-0.666988,0.788964,0.371242,-0.255505,1408.59,0
35158,-0.016926,0.623114,-0.077591,0.267327,-0.457006,-1.057289,-0.222178,0.163846,-1.187215,-0.522319,-0.244998,-1.615146,-0.889271,0.49967,-0.259612,0.1138,1.016845,-0.161131,0.324268,-0.262903,-0.263358,-0.080349,0.069048,0.200401,-0.841497,-0.038636,1.026517,1.354766,188.11,0
34412,0.176535,0.281109,-1.310541,0.332628,-1.017511,0.211257,-0.239316,-0.1474,0.402316,0.215013,0.908698,0.007698,0.970432,1.147283,0.418727,-0.188695,-0.821176,-0.449692,-0.383948,-0.047077,-0.66383,0.282029,-0.313666,0.224666,1.124078,-1.310162,-1.107976,-1.228975,29.19,0
51350,0.70917,0.637257,-0.619235,1.092328,0.078691,-0.374445,0.511814,0.283519,-0.402032,-0.087775,-1.231154,0.419208,-0.121566,-0.300346,0.143915,1.280506,0.660175,-0.469271,-0.245632,0.294027,0.359033,0.230102,0.019699,-0.453515,-0.040943,0.885885,0.478926,-0.197795,222.45,0
35167,-0.587381,0.046313,-0.140146,0.668962,0.683512,-0.662202,0.044947,0.27276,-0.61613,0.084601,0.300882,-1.010187,-0.798987,-0.649161,0.896851,-0.533729,0.39051,0.118815,0.068988,0.547951,1.378226,0.08902,-0.541839,0.653381,-0.590203,-0.402558,-0.420294,0.057008,11.76,0
67166,-0.327034,0.705183,-0.156663,0.487027,-0.119156,0.283926,-0.521651,-0.451543,0.086821,-0.664471,0.104125,0.561724,-0.315125,0.599983,-0.076424,-0.53969,0.773892,0.860972,0.826582,-0.406318,0.059177,-0.41992,0.124822,0.471532,0.600528,1.48202,-0.101377,-1.259901,28.49,0
39566,-0.972489,0.821027,-0.012469,1.419093,-0.310522,-0.409357,0.075346,-0.011933,1.021758,-0.036658,-0.935056,-1.425852,0.529025,0.175182,-0.296074,0.311255,-0.002161,0.637639,-0.906035,-0.349132,0.504254,1.108565,0.013489,0.989261,-0.393919,-0.661294,0.414804,-0.574195,155.12,0
52548,-0.960765,-1.029714,-0.566229,1.198481,-0.390785,0.753313,-0.332622,-0.566269,-0.277302,-0.441782,0.284714,0.339702,-0.576573,0.630147,-0.615661,0.219588,-0.199412,-0.035858,0.149942,0.348942,-0.26334,0.608616,-0.99181,-0.317199,1.145944,-0.755579,-0.455177,-0.321964,21.45,0
3203,-4.539736,-4.818407,-2.348536,-3.396833,-0.181013,-1.679321,0.601633,-1.775619,-1.104379,3.802072,4.929081,0.714181,4.462291,4.674909,-2.426051,-0.399758,1.35268,2.836401,-1.440453,0.860362,-0.427049,-1.092808,0.47457,-1.945934,-0.910987,0.817749,-0.202147,2.257924,5052.1,1
58673,1.104761,-0.216328,0.280703,0.647941,-0.150324,0.268871,-0.256489,-0.280058,0.23708,-0.180043,-0.423028,0.583529,0.782007,0.061324,-0.2283,0.606356,-0.402309,-0.232055,0.45566,-0.327064,0.524386,0.969379,-1.123773,0.215422,0.458088,0.706019,-0.031229,-1.058466,462.18,0
62997,-0.956805,1.163255,0.75947,1.637944,-0.930058,-0.493463,-1.35747,-0.948939,-0.744265,-1.097932,0.177264,0.729407,-0.80777,-0.05059,0.084861,-0.869574,-0.827612,0.124211,0.944917,-0.459387,0.467064,-0.233364,0.399995,0.533456,-0.583555,0.102855,0.148326,0.098001,174.13,0
46733,-0.261404,0.480049,0.670594,1.032244,0.464419,0.944775,0.670825,1.179401,-1.08456,-0.320026,0.691059,0.022812,-0.741089,-0.025012,0.365069,0.998073,0.43052,0.630831,0.135653,-1.29879,0.559281,0.006779,-0.002756,0.193831,-0.855142,1.029614,-0.7358,0.850285,1736.26,0
33283,-0.576563,0.992886,-0.036674,1.53413,0.222018,-0.017493,0.177511,0.174036,0.182114,0.779647,0.924574,-0.350138,-0.280966,0.931093,0.1001,0.136984,0.123336,0.479224,0.412549,0.503467,0.387867,1.066203,-0.044562,-0.146155,-0.523896,-0.051585,0.709144,-0.789494,87.2,0
46347,-1.283653,0.221041,0.36692,0.277435,-0.629582,-0.301046,1.013643,-0.093837,-0.090518,0.552874,0.386793,0.203146,-0.16477,0.843022,-0.458893,-0.438139,0.598917,-1.074814,-0.807406,-0.025455,-0.579576,0.715328,0.278755,0.653161,-0.301357,0.039155,0.139163,-0.434489,11.12,0
58331,-0.862326,0.39828,-1.663728,1.484335,-0.279221,-0.247812,-0.198532,0.386582,-0.55488,0.250311,0.839515,0.549922,0.476682,0.334731,0.897333,0.770231,-0.549984,-1.135849,0.026061,-0.831838,-0.609269,1.20637,0.030581,0.468742,-0.727975,0.303844,0.51756,0.399115,1942.28,0
78816,-1.54949,0.483916,0.926088,1.310095,0.203762,0.16081,-0.585418,0.895131,0.052983,0.252082,-0.198092,-1.534762,-0.28459,-1.154677,0.22352,-0.58346,-0.952448,0.568888,0.911252,-0.459267,-0.141609,-0.700602,-0.134903,-0.475033,-0.112328,-0.567794,0.110474,-0.007658,5.35,0
49840,-1.688762,0.441722,0.619295,0.2269,0.877692,-0.678865,-0.357027,0.716865,-0.618024,-0.631377,-0.285348,-0.686205,-0.222649,-0.08087,-0.709458,0.186153,0.478048,0.20685,0.602095,0.303101,0.022761,-0.022945,0.355141,0.311486,-0.132969,0.269826,-0.168606,-0.724141,295.64,0
66020,-0.332128,-0.204963,-0.051407,0.829663,-1.039125,0.237379,0.315913,0.372903,-1.025576,-0.598438,-0.275639,0.357693,-0.252528,1.170229,0.479484,1.062307,0.454105,0.570285,-0.1442,-0.48522,-0.834312,-0.695574,-0.43965,-0.478224,0.777875,-0.251912,0.140084,-0.542434,2879.29,0
86364,-0.056725,1.173081,0.240134,0.456462,1.042972,0.510469,-0.536455,0.198164,-0.094056,-0.17444,0.285519,0.191779,0.12638,0.503475,0.467177,0.037068,-0.43205,0.208011,0.393556,-0.264719,0.368811,-0.069471,0.613595,1.306676,-0.327621,-0.224385,-0.463483,0.262392,328.87,0
53113,-0.546769,2.524552,0.569019,0.448307,-0.397365,-0.630277,-0.481199,-0.84081,0.591526,-1.194501,-0.333593,0.281769,-0.356755,-0.412734,0.229837,-0.572582,-0.184026,-0.359499,-0.037197,-0.064011,0.746531,-1.007224,0.567607,-0.224044,0.034344,-0.780333,-0.350098,-1.337718,143.66,0
46761,-0.137692,0.842414,-0.288766,0.77543,0.112569,0.325596,0.334624,0.201267,0.266102,0.561944,-0.042003,-0.075207,-0.086167,-0.31598,-0.381712,0.055139,-0.645379,-0.006097,-0.46029,0.318122,-0.428552,0.140831,-0.938187,-0.596388,-0.047732,-0.302605,0.166594,-0.124558,10680.48,0
77508,1.213291,0.893511,-0.444164,1.231313,-0.971681,0.472845,-0.489773,-0.410958,0.137441,-0.714869,-0.537978,-1.084566,-0.020513,0.290876,-0.568241,-0.202332,0.462033,-0.0339,-0.521955,1.074372,0.607716,0.818553,-0.662567,0.461165,0.103007,0.34805,0.256146,-0.842161,40.58,0
4220,5.562215,-5.433087,-3.539902,4.550803,1.580391,-0.178672,1.722081,-2.24552,2.42926,-5.876202,-2.107273,1.573915,1.618362,-4.162155,3.354784,-0.063427,1.834584,0.111859,-0.956619,-2.43694,2.637189,0.613609,-2.717344,-1.66285,3.860728,-0.158917,0.998406,-1.319489,8895.87,1
40130,-0.323459,0.109643,-0.630538,1.062853,0.044159,0.092678,0.774486,-0.125487,-0.99456,-0.221853,0.217748,0.313662,0.655425,-0.565875,0.588138,0.327132,0.100159,-0.304349,-0.968151,0.558642,-0.579109,-0.269763,-0.171842,0.30595,-0.534101,-0.369933,-1.204915,-0.091336,190.91,0
56607,-1.083094,-1.338057,-0.398263,0.884269,-0.392462,0.193593,0.630437,0.187913,-0.372705,0.136477,-0.331482,-0.387256,0.340128,0.190665,-0.183086,0.061209,0.570623,0.052473,-0.884983,-1.044053,-0.013432,0.183635,0.762824,0.031967,0.228366,-0.508253,-0.760381,-0.344724,425.09,0
48017,0.074704,0.444809,0.060356,1.21228,-0.230439,-0.547839,0.385492,0.338599,-0.692201,0.222444,0.89629,-0.148466,0.667492,-0.327454,1.480324,-0.229716,0.592833,-0.448687,-0.354851,0.200676,-0.733711,0.413025,-0.286201,-0.854308,0.870831,-0.646372,0.971305,1.114908,308.79,0
74261,0.258389,0.096967,-1.127248,0.272283,-0.167561,0.540561,-0.163096,-0.28901,0.303886,-0.629572,0.307407,0.50181,0.798878,-1.090722,0.117606,-0.30986,-0.528639,0.428938,-1.477395,0.051306,0.145576,-0.236507,-0.031218,0.323882,0.266726,0.582876,1.150319,-0.670308,326.18,0
79747,-1.987856,0.130758,-1.582114,0.919615,0.668844,-1.017463,0.007855,-0.130508,-1.119969,-0.609769,0.619812,0.123863,-0.159984,-0.952979,0.953469,-0.120006,-0.070814,0.216136,0.417757,-0.186605,-0.714079,0.187241,-0.506245,-0.543907,-0.404324,0.396882,0.14103,-0.208303,465.42,0
85704,-0.172758,-0.330608,0.047686,0.213935,0.127705,-0.030471,0.72544,-0.197019,-0.235528,-0.096759,-0.346913,0.36792,0.958894,0.072053,0.024716,-3e-05,-0.397628,-0.133348,0.17795,-0.148475,0.431306,0.461765,0.809732,0.701984,0.592594,0.438796,-0.049639,0.38186,166.62,0
42012,-1.510824,-0.503704,1.013679,-0.410111,-0.797412,0.11113,-0.918374,0.28676,-0.149498,-0.064218,-0.739593,-0.172287,-0.852568,-0.020208,-0.188663,0.039267,0.121207,0.655112,-0.36075,-1.149246,0.621823,0.455539,-0.770655,-0.134081,-0.276037,0.004932,-0.641119,-0.474125,30.4,0
78715,-1.339895,0.636074,0.24807,0.003933,-0.074138,1.044994,0.648359,0.898882,-0.141575,0.169847,-0.476477,-0.461264,-0.057467,0.311951,0.316582,-0.685933,-0.212223,-0.106896,-0.363949,-0.19102,0.627817,0.628624,-0.027779,0.001058,-0.322513,-0.144381,-0.302217,-0.020307,2159.79,0
52725,-0.914994,0.540569,-0.25892,0.604084,0.461691,0.4812,-0.281979,-0.578441,-0.155731,-1.214919,0.734273,0.1748,0.222346,0.044479,0.274919,-0.842698,-0.709686,-0.967964,0.38626,-0.714188,-0.047061,-0.412579,-0.018014,-0.242321,0.390468,0.402598,0.256798,0.694699,39.42,0
30297,-0.370545,0.346685,-0.093726,1.220136,-0.924429,0.269492,-1.177054,0.38463,-0.156938,-0.35023,-0.134249,0.567993,-0.110608,0.582646,0.329799,-0.765255,0.017913,-0.432337,0.191337,-0.204916,0.046355,0.062754,-1.001076,-0.106949,-0.152,0.690845,-0.153308,-0.497241,41.61,0
43561,-0.621319,0.626722,0.33907,0.670488,-0.709066,-0.003116,-0.307273,-0.756694,-0.153889,-0.762317,-1.242252,0.166599,-0.696713,0.197181,-0.66277,0.399742,-0.446763,0.180279,0.373166,-1.033515,0.687809,0.660516,0.851315,-0.979128,-0.901669,-0.092005,-0.246697,0.86507,190.04,0
57397,-0.662976,-0.514962,0.35834,0.845118,-0.023301,-0.209439,0.746124,-0.839107,-0.06128,-0.283226,0.596823,0.622648,-0.200066,0.725868,0.504786,-0.586527,0.787471,-0.125834,-0.197502,-0.24448,0.687988,1.168231,-0.151642,-0.394955,0.430807,0.529986,0.281176,-0.656943,2592.56,0
62694,0.194138,-0.117695,0.073562,0.199121,-0.141413,-0.500402,0.0166,-0.97279,0.095524,-0.199534,0.075694,-0.498578,-0.337995,-0.914373,-0.249932,-0.929875,0.563475,0.945615,0.471458,0.125833,0.321362,-0.775065,0.041196,0.626,-0.105007,-0.414951,-0.347628,-0.229977,7.7,0
41625,-0.64407,0.83993,0.781786,-0.061568,-0.124851,-0.328516,-0.329138,-0.627538,-0.665206,-0.04075,0.732724,0.111583,-0.348077,-0.813554,-0.286859,-0.013562,0.360827,0.453071,-0.816785,0.530137,0.525357,0.1088,0.047231,0.444628,-0.357482,-0.674632,0.393457,-0.975169,811.97,0
72213,-1.365597,-0.034347,0.290251,0.6694,-1.468313,-0.836915,0.62325,-0.537449,-0.329935,0.175156,0.054284,-0.832191,-0.08483,0.394749,-1.876107,0.940103,0.025765,1.518015,0.921567,0.172118,-0.25682,-0.312635,0.622422,0.819273,-1.081355,-0.029064,0.081746,-0.03963,979.27,0
50081,-0.715619,0.431818,0.343992,1.354605,0.933947,-0.850673,1.374511,1.058521,0.070549,-0.131096,1.254496,0.867067,-0.550092,-0.618491,-1.19005,-1.01969,-0.129707,-0.268634,0.422568,0.083807,1.043494,0.013026,0.376517,-0.186662,0.670567,-0.825484,0.725824,-0.478743,129.92,0
84901,-2.62869,0.864707,0.277376,0.632478,0.598406,-0.082687,-0.573249,0.122255,0.322581,-0.495378,0.329561,-1.259903,-0.224721,0.232919,0.561739,0.863397,0.095951,-0.498099,-1.020165,0.077922,-0.432812,0.012902,-0.717895,-0.635788,-0.034938,-0.044049,0.016079,0.842991,216.68,0
33261,0.301251,0.373675,-0.229346,1.04493,-0.313824,0.718197,-1.239226,-0.453765,-0.28255,0.063883,0.331685,-0.672806,0.250419,0.443295,-1.161854,0.073292,-0.811152,-0.125807,0.434452,0.102059,0.214996,0.233126,-0.273646,0.250612,-0.061179,-0.755272,-0.321098,-1.406887,186.97,0
44728,-0.732828,-0.358119,0.149349,0.352425,-0.279141,0.286131,0.530523,-0.354568,0.421156,-0.308404,-0.427917,-0.15368,-0.853782,0.31948,0.176867,-0.169175,-1.061338,0.789099,0.324569,-0.210093,0.518472,0.758292,-0.546469,0.195522,-0.308915,0.178655,-0.068141,0.105894,356.4,0
4541,2.461427,-4.553243,4.22101,2.973514,-0.83226,0.12385,-0.557272,2.742848,3.05785,2.160078,2.526625,-2.471398,0.96834,5.535178,4.972963,1.079045,-0.273771,-1.498239,0.255045,-0.091968,0.031304,-2.536819,-3.085894,-0.306542,2.011812,-2.4188,1.242587,0.945986,7757.15,1
39679,0.450495,0.051558,-0.640055,0.594706,0.293972,0.542836,1.154369,-0.658378,-0.511269,0.043971,-0.957593,-0.441292,0.014294,0.171409,1.541562,-0.298381,0.667097,-0.189117,0.620353,0.099898,-0.453265,-0.445786,-0.285468,-0.881899,0.760063,0.645695,-0.28952,0.271218,2428.6,0
10107,4.696269,5.005108,3.683779,3.386916,0.681704,2.691024,-2.774571,0.760293,-0.304659,2.109646,-5.648409,-2.182297,-0.959047,-3.746066,3.681488,1.630657,-2.324575,0.228411,-3.264986,-1.607811,-3.388203,0.715866,-2.287664,-0.770786,-0.947613,1.734498,-1.154754,-0.947885,1.65,1
78746,-1.766244,0.705056,0.98438,1.489672,-0.481426,-0.124626,0.77019,-0.075975,-0.02906,-0.695177,0.135192,-0.633456,0.505179,-0.955444,-0.48283,0.568523,0.098035,-1.17016,0.394301,-0.426547,0.006925,0.869101,0.954548,-0.149864,-1.861034,0.297232,0.429918,0.089457,356.11,0
36566,-1.601078,0.228454,0.018913,1.449463,0.478926,-0.252538,0.239187,0.19493,-0.435955,-0.364771,0.708994,0.728966,-0.492895,0.083848,0.477485,0.411864,-0.218136,0.346885,-0.300831,0.232076,-0.140442,0.480712,1.479994,0.078747,0.256701,-0.868917,-0.284798,-0.977426,1247.67,0
43590,0.807501,-0.237371,-0.951281,0.889548,-0.20017,-0.362321,0.612898,-0.608215,-0.070779,-0.012034,0.627614,1.262247,-0.481099,0.526662,0.403041,-0.137485,0.098832,-0.282971,1.245108,0.826612,0.239201,-1.311576,0.235025,1.380285,-0.666481,-0.616591,-0.147228,0.85851,750.59,0
51748,0.515764,1.143193,-0.735547,1.013164,-0.108476,0.730484,0.56219,-0.01137,0.216399,-0.390282,-0.266339,1.55144,-0.056605,-0.286325,0.519386,1.856242,-0.200519,0.154015,-0.935,0.154156,-1.206584,0.37106,0.309127,-0.349232,-1.401063,0.295989,0.593922,0.387786,357.53,0
73866,0.237396,0.493333,-0.167259,0.392135,-0.206711,-0.814539,0.295936,0.076803,0.119562,0.122019,-0.803668,-0.61563,0.294592,-0.315132,0.111023,0.883548,0.003054,0.453525,-0.396374,-0.781248,-0.416103,0.647901,1.437722,-0.547286,1.285682,1.082727,-0.386891,0.082777,65.24,0
48307,-1.156357,-0.195699,-1.382322,1.122817,-0.658925,0.546299,1.113987,0.404393,0.404889,0.300533,-0.60118,-0.308193,0.228894,-0.158894,0.137766,0.778261,-0.308999,-0.027183,-0.740605,-0.274769,1.664905,-0.327344,-0.203796,-0.796918,-0.294117,-0.061791,-0.083351,0.437466,265.21,0
56491,-1.344297,0.419886,-0.122613,0.492043,0.477787,0.124227,0.562756,0.323478,0.056309,0.300401,-0.167708,-0.411205,0.30901,1.063427,0.257883,-0.296977,0.245493,-0.188518,-0.73455,-0.341514,-0.098407,-0.526225,0.461264,-0.213252,0.007513,0.233223,-0.267445,-0.290448,45.21,0
34589,-0.049392,-0.087175,1.063008,0.486654,0.142804,0.734352,-0.523019,-1.279398,-0.799897,-0.442617,-0.697573,0.037802,0.025703,0.33944,0.296856,-0.322759,-0.14128,-0.245475,1.065455,-0.033293,0.033205,0.131961,-0.735295,0.671389,-0.860357,-1.029519,-0.648929,-0.056623,271.79,0
82577,0.517734,0.700912,-0.252949,0.442011,0.491396,0.144197,-1.013425,-0.108414,0.186151,-0.665113,-0.051227,0.124009,-0.153491,-0.200159,0.544819,0.173035,0.097762,0.469248,0.143653,-1.049334,-0.362095,-0.412567,-0.173622,0.857312,-0.358923,-0.236621,0.205655,-0.066576,185.82,0
34705,-0.740613,-0.513977,0.367522,0.535415,-0.112058,-0.481784,0.966624,-0.670691,0.821288,-0.540193,-0.450466,-1.367754,0.496371,0.297348,0.375989,-0.625574,-0.577935,0.873983,-0.239962,-0.164274,1.032874,-0.333111,0.25193,-0.490669,0.698877,-0.060104,-0.3704,-1.00237,111.47,0
73594,0.261011,0.283462,-0.344799,1.341918,-1.12616,0.475693,-0.431104,-0.971959,-0.119653,-0.125556,0.468608,-0.459181,-0.744164,0.163582,-0.092731,0.67839,0.624594,-0.590052,0.481995,-0.172199,0.56464,-0.48287,-1.102693,-0.046865,-0.783548,-0.661136,-1.22907,0.347967,25.63,0
59198,-0.752313,0.537049,-0.340419,1.212819,0.440094,-0.791287,0.400217,0.357965,0.618081,-0.109347,-0.561225,-0.981765,-0.321254,-1.285226,0.476817,0.275157,-0.581462,0.225112,-0.465102,-0.583695,0.028459,0.859851,-0.157467,0.687766,-0.67949,0.718912,0.638585,0.084808,119.36,0
59628,-0.509114,0.265005,-0.382872,1.448702,-0.333217,-0.737061,0.125298,1.074295,0.213718,-0.232832,0.420722,0.383561,-2.045007,-0.63731,-0.17976,0.036036,-1.285275,0.838102,0.308235,-0.469846,-0.317564,0.376069,-0.240956,-0.570613,0.197894,-0.803454,0.47593,-0.428479,2331.56,0
81108,-1.051473,0.394704,0.967189,0.090562,0.571027,0.361496,0.787639,-0.761092,-1.223661,-0.883033,0.761678,-0.016595,1.482933,1.099,-0.14112,0.193704,1.114357,0.709402,-0.181732,0.062901,0.248857,0.805326,-0.452429,-0.230053,0.480517,-0.189186,0.466046,0.37155,8860.92,0
56034,-0.083654,0.882676,0.045837,1.317963,0.378767,0.106372,-0.708826,-0.267032,-0.361661,0.163313,-0.526187,0.800082,-0.596907,-0.681319,-0.031236,-0.054129,0.395961,-0.30922,1.54449,-0.561336,0.852464,0.987718,-0.192687,0.427385,0.671506,0.841274,-0.456498,-0.21014,101.59,0
82724,0.020938,0.186069,-0.780162,0.642437,0.647783,0.090382,0.120141,-0.356279,0.344918,-0.514609,-0.166211,0.4419,-0.264279,0.145412,-0.023587,-0.471261,0.180019,1.261354,0.149704,-0.097999,0.299715,0.341978,0.681405,0.220609,-0.810383,-0.608136,-0.106104,0.07513,28.89,0
52955,0.352509,0.601268,0.006019,1.949642,-0.53924,0.037993,0.138543,-0.177038,-1.584823,0.520324,0.146178,0.098067,0.331445,0.146795,1.170623,0.700987,-0.01269,0.05628,0.63985,1.233735,0.460013,0.398175,0.430285,-0.024256,0.951755,-0.198127,-0.649874,0.275538,332.41,0
56466,-0.857218,0.789775,-0.050956,-0.354261,-0.516175,0.184846,0.919896,-0.141099,0.060253,-0.185118,0.901812,-0.472685,-0.449876,-0.14335,-0.735322,1.111089,0.117641,-0.387599,-0.642932,-0.367552,0.223467,-1.147437,-0.160977,0.094282,1.11869,-0.041248,0.637067,0.637472,6.69,0
31804,-1.191299,0.671235,-0.080729,0.754608,-1.117295,0.910378,-0.511389,0.261016,-1.282595,-0.66885,-0.4549,0.168841,0.579805,-0.203912,0.475163,0.231377,-0.374848,-0.650058,0.585034,-0.333851,-0.346734,-0.330373,1.121611,0.583472,0.991432,0.470344,0.842674,0.416381,171.27,0
66337,-1.039405,-1.290417,-0.355141,0.433303,0.716538,-0.766997,-0.079961,-0.609069,-0.311533,-0.262339,-0.37022,0.738537,-0.080116,0.521479,-0.818754,0.102835,-0.106396,0.736639,-0.266205,0.099064,-0.151126,0.053353,1.092681,-0.033537,-0.529861,-0.541582,0.444267,-0.567454,916.95,0
33410,-0.380008,-0.381113,0.572467,0.669598,0.753345,1.291162,0.122145,0.061218,-0.117443,0.368115,0.081105,-0.116616,-0.840575,-0.197069,-0.597167,0.106169,0.270105,0.930176,-0.118584,0.494912,0.087609,0.057828,0.883965,0.735186,0.171699,-0.086521,-0.027197,-0.686279,14376.39,0
42636,0.912909,0.733774,0.986407,1.288752,0.53684,0.575984,1.254878,-0.111459,0.028561,-0.574426,-0.272184,-0.099166,0.235095,-0.349378,-0.710051,-0.282952,0.286346,0.293985,0.966722,-0.03929,0.181026,0.548754,0.289602,-0.270003,1.113711,-0.382055,-0.298272,0.624936,158.04,0
8840,-3.223905,3.207159,4.477947,-4.097808,0.014395,0.879776,1.055301,-0.544074,0.32134,-2.331129,3.618739,-5.130971,3.492111,-5.593783,4.592419,1.13232,-1.092756,-2.090547,1.46055,-0.476571,1.058359,0.731918,2.167746,-4.116172,-1.458565,-0.382793,2.270517,1.827477,2.45,1
84650,0.075806,1.135426,0.303241,1.022466,-0.098088,0.694357,0.596897,0.970046,0.508462,0.084095,-0.236751,-0.050338,-0.107071,0.941626,-0.859187,-0.78791,-0.155576,-1.116008,1.068384,-0.525871,-1.58583,-0.687935,-0.099275,-1.580651,-1.309229,-0.073581,0.141627,0.087341,2583.98,0
75305,-1.086998,0.897305,0.478718,0.101823,0.530259,-0.330884,-0.109803,0.219275,-0.152793,-0.833494,0.6629,-0.315805,-0.361213,-0.707568,0.250371,1.011644,-0.809259,-0.486183,-0.990713,-0.109942,0.02717,-0.493176,-0.676671,0.512793,0.524435,0.075183,0.740818,0.686009,43.02,0
44953,-0.367218,0.628624,0.306999,-0.010191,0.006732,0.04165,-0.393284,-0.587841,-0.014007,-0.373855,0.629205,0.698963,-0.079869,0.100657,-0.678126,-0.006165,-0.493315,1.093689,0.997466,-0.446421,-0.497474,0.948608,0.745347,0.05421,0.395992,0.624396,0.535781,-0.051356,2578.18,0
43845,-0.180738,0.821629,0.171058,0.942783,0.781896,0.264529,-1.105535,0.283158,0.605803,0.436989,0.801797,-0.966306,0.088793,-0.550296,0.244991,-0.217278,-0.729507,-0.627829,-0.346067,-0.963836,0.58962,0.442073,0.162403,-1.677585,-0.544352,0.01346,0.87426,-0.035268,46.47,0
77887,-0.712353,-1.046593,-0.446534,1.128142,-0.638855,-0.604321,-0.030505,0.269473,-0.769538,-0.247469,-0.227803,-0.658483,0.065956,0.374767,-0.279785,-0.125774,0.15974,-0.094691,0.686854,0.462822,0.670155,-0.652925,0.715974,-0.140092,-0.334965,0.138652,0.152538,-0.509343,8.82,0
72722,0.123317,0.374692,-0.435913,1.329971,-0.213416,0.476036,0.570691,0.802875,1.044108,-0.129578,-0.144551,0.14303,0.257161,1.083067,0.737938,-0.412897,0.741712,0.470464,-0.133737,-0.377302,0.740606,-0.05657,-0.326115,0.34346,0.410722,0.539527,0.004172,0.476,471.15,0
4267,-4.042835,-3.347259,3.304683,4.932022,-0.272501,0.143211,-0.290096,0.326134,-1.187745,-5.158056,4.773537,-1.452932,1.72497,-3.101041,-5.289038,0.997951,4.09593,-0.07903,-1.944562,1.892919,-4.446562,0.032202,-1.772994,0.112744,2.435248,1.577125,0.658972,-1.121821,4961.49,1
63580,0.518778,0.072403,0.92659,1.286867,-0.809258,0.431245,0.424145,-0.243346,-0.154004,-0.746875,0.226831,0.181927,-0.239261,-0.102622,0.531819,-0.17691,0.716332,0.340146,-0.305474,-0.552971,0.411234,0.346834,-0.50756,-0.199645,0.197144,0.181236,-0.426476,0.741268,110.77,0
